orf_id,smorf_type,Database,in_cohort,qc_flags,disposition,n_peptides,has_site
ENST00000448905.6+chrX:150983407-150985604_F:1_P:0,uoORF,Salk,True,[],analysed,1,False
ENST00000333942.10+chr17:32142454-32142564_F:1_P:0,uORF,Salk,True,[],analysed,1,False
ESPRESSO_chr15_9961_11-chr15:34367021-34367191_F:1_P:0,uoORF,Salk,True,[],analysed,2,False
ENST00000394411.9-chr5:146878706-146878756_F:1_P:0,uaORF,Salk,True,[],analysed,1,False
ENST00000395833.7-chr11:33869617-33869697_F:0_P:1,uaORF,Salk,True,[],analysed,2,False
ENST00000392178.8+chr19:36115486-36115515_F:1_P:0,uORF,Salk,True,[],analysed,1,False
ENST00000519230.1-chr5:157987629-157987706_F:2_P:0,psORF,Salk,True,[],analysed,1,False
ENST00000300060.7-chr15:89785338-89790469_F:0_P:35,daoORF,Salk,True,[],analysed,1,False
ENST00000275227.9-chr6:132798497-132798556_F:1_P:1,uORF,Salk,True,[],analysed,1,True
ENST00000616428.2-chr18:79678880-79679062_F:1_P:3,lncRNA,Salk,True,[],analysed,2,False
ENST00000687593.1+chrX:147912071-147912160_F:2_P:0,uORF,Salk,True,[],analysed,2,False
ENST00000295454.8+chr4:47425819-47425920_F:2_P:24,iORF,Salk,True,[],analysed,1,False
ESPRESSO_chr22_19938_29-chr22:50258301-50261136_F:0_P:0,iORF,Salk,True,[],analysed,1,True
ESPRESSO_chr7_27418_11+chr7:98107198-98137417_F:1_P:0,iORF,Salk,True,[],analysed,3,False
ENST00000203166.10+chr19:35622710-35622905_F:1_P:8,daoORF,Salk,True,[],analysed,1,True
ESPRESSO_chr17_12319_73-chr17:28578751-28579234_F:1_P:40,iORF,Salk,True,[],analysed,1,True
ESPRESSO_chr9_30708_12+chr9:134429118-134429234_F:1_P:6,iORF,Salk,True,[],analysed,1,True
ENST00000660884.1+chr20:38447017-38447073_F:1_P:3,lncRNA,Salk,True,[],analysed,1,False
ESPRESSO_chr11_4460_1+chr11:840398-842483_F:2_P:2,eORF,Salk,True,[],analysed,1,True
ENST00000360392.4-chr14:50997771-50997794_F:0_P:19,daORF,Salk,True,[],analysed,1,False
ENST00000196371.10-chr5:41731515-41731571_F:2_P:29,dORF,Salk,True,[],analysed,1,False
ENST00000375647.5+chr1:22527995-22528069_F:1_P:77,dORF,Salk,True,[],analysed,1,True
ENST00000305798.8-chr4:98658362-98658475_F:1_P:1,uORF,Salk,True,[],analysed,1,True
ENST00000564629.1-chr16:31457457-31457621_F:2_P:11,lncRNA,Salk,True,[],analysed,3,True
ENST00000284061.8+chr17:56864520-56864561_F:2_P:39,dORF,Salk,True,[],analysed,1,False
ENST00000597777.1+chr13:98433860-98433982_F:2_P:24,iORF,Salk,True,[],analysed,2,False
ENST00000338733.10-chr3:186546471-186546491_F:2_P:44,dORF,Salk,True,[],analysed,1,False
ENST00000610159.1-chr4:139451276-139451446_F:1_P:36,lncRNA,Salk,True,[],analysed,1,True
ENST00000663398.2-chr9:137617105-137617185_F:0_P:16,lncRNA,Salk,True,[],analysed,1,False
ENST00000570440.2-chr16:10938641-10938832_F:1_P:53,dORF,Salk,True,[],analysed,2,False
ENST00000687101.1+chr5:64881389-64881409_F:2_P:0,iORF,Salk,True,[],analysed,1,False
ENST00000345042.6-chr2:197497376-197500182_F:0_P:2,uoORF,Salk,True,[],analysed,1,False
ENST00000466078.1+chr13:32650010-32650075_F:2_P:29,iORF,Salk,True,[],analysed,1,False
ENST00000640253.1+chr20:45424322-45424360_F:2_P:9,daoORF,Salk,True,[],analysed,1,False
ENST00000424649.6-chr12:120265654-120265770_F:0_P:0,uORF,Salk,True,[],analysed,1,False
ESPRESSO_chr9_30595_42+chr9:128250327-128253112_F:0_P:0,iORF,Salk,True,[],analysed,2,False
ENST00000328965.9+chr11:120211032-120211406_F:0_P:0,uoORF,Salk,True,[],analysed,1,True
ESPRESSO_chr3_20492_32-chr3:69432730-69542392_F:1_P:2,uORF,Salk,True,[],analysed,1,True
ENST00000623646.3+chr8:62979208-62979321_F:1_P:248,daORF,Salk,True,[],analysed,1,False
ENST00000686484.1-chr20:28602673-28602717_F:0_P:1,lncRNA,Salk,True,[],analysed,1,False
ENST00000326232.14-chr7:140382562-140398503_F:0_P:1,uORF,Salk,True,[],analysed,1,False
ENST00000545314.5+chr1:65229438-65229476_F:2_P:79,dORF,Salk,True,[],analysed,1,False
ENST00000555147.2+chr16:89919183-89919380_F:0_P:3,uoORF,Salk,True,[],analysed,1,False
ENST00000476344.1+chr1:149899640-149900470_F:2_P:1,N-Iso,Salk,True,[],analysed,2,False
ESPRESSO_chr3_20175_16-chr3:36831037-36831171_F:0_P:9,daoORF,Salk,True,[],analysed,1,True
ESPRESSO_chr1_402_12+chr1:22781455-22784414_F:1_P:1,iORF,Salk,True,[],analysed,1,False
ESPRESSO_chr20_18618_13+chr20:62668293-62668343_F:1_P:4,daORF,Salk,True,[],analysed,1,False
ENST00000252137.11-chr22:19134174-19134419_F:1_P:14,daoORF,Salk,True,[],analysed,1,True
ESPRESSO_chr12_7096_0-chr12:71685975-71686040_F:2_P:0,eORF,Salk,True,[],analysed,1,False
ENST00000462498.1-chr19:19182623-19192178_F:2_P:2,N-Iso,Salk,True,[],analysed,1,False
ENST00000348520.10+chr14:103712655-103712855_F:2_P:124,dORF,Salk,True,[],analysed,2,False
ENST00000604828.1+chr9:20875358-20875381_F:2_P:40,iORF,Salk,True,[],analysed,1,False
ENST00000589788.1-chr17:28655971-28656033_F:0_P:4,iORF,Salk,True,[],analysed,1,False
ENST00000409299.8-chr20:33703065-33703232_F:0_P:72,dORF,Salk,True,[],analysed,1,True
ENST00000396602.7+chr11:9508803-9508832_F:1_P:25,iORF,Salk,True,[],analysed,1,True
ENST00000320285.9-chr6:161133841-161133876_F:2_P:64,dORF,Salk,True,[],analysed,1,False
ENST00000249822.9-chr15:52549290-52549319_F:2_P:56,dORF,Salk,True,[],analysed,1,False
ENST00000646225.1-chr14:19125146-19125187_F:1_P:62,lncRNA,Salk,True,[],analysed,1,False
ENST00000215730.12+chr22:20891021-20891062_F:1_P:66,dORF,Salk,True,[],analysed,1,True
ENST00000371741.6-chr20:49366986-49367057_F:0_P:107,daORF,Salk,True,[],analysed,1,True
ESPRESSO_chr10_3915_26+chr10:86959635-86962982_F:1_P:2,Iso,Salk,True,[],analysed,1,False
ENST00000495397.1+chr1:161728017-161728055_F:2_P:15,dORF,Salk,True,[],analysed,1,False
ESPRESSO_chr15_9829_3+chr15:23135104-23135160_F:1_P:20,eORF,Salk,True,[],analysed,1,False
ESPRESSO_chr9_29940_9-chr9:63311853-63311888_F:2_P:71,lncRNA,Salk,True,[],analysed,1,False
ENST00000484259.3+chr9:69073249-69073365_F:2_P:11,dORF,Salk,True,[],analysed,1,False
ENST00000328459.11-chr14:90539547-90539660_F:1_P:23,dORF,Salk,True,[],analysed,1,False
ENST00000565462.2-chr16:31427817-31428285_F:0_P:0,iORF,Salk,True,[],analysed,1,True
ESPRESSO_chr11_6032_67+chr11:118488640-118489805_F:1_P:41,iORF,Salk,True,[],analysed,1,True
ENST00000688002.1-chr19:4099547-4099663_F:1_P:6,iORF,Salk,True,[],analysed,1,False
ENST00000258874.4-chr15:79843987-79844013_F:2_P:31,dORF,Salk,True,[],analysed,1,False
ESPRESSO_chr12_6975_28+chr12:57615712-57616891_F:1_P:19,iORF,Salk,True,[],analysed,1,False
ESPRESSO_chr17_12335_33+chr17:29507961-29508017_F:2_P:33,iORF,Salk,True,[],analysed,1,True
ESPRESSO_chr16_11122_56+chr16:30070117-30070209_F:2_P:5,Iso,Salk,True,[],analysed,1,False
ENST00000262768.11-chr17:78873898-78925386_F:0_P:0,uoORF,Salk,True,[],analysed,2,True
ENST00000649865.1+chr15:98962001-98962123_F:1_P:111,dORF,Salk,True,[],analysed,1,True
ENST00000382264.7+chr21:33229901-33241908_F:2_P:0,uoORF,Salk,True,[],analysed,3,False
ENST00000300417.11+chr9:127479871-127481221_F:1_P:14,daoORF,Salk,True,[],analysed,2,False
ENST00000330106.5-chr11:788266-788622_F:0_P:1,uoORF,Salk,True,[],analysed,2,True
ESPRESSO_chr8_28399_23+chr8:22054936-22066848_F:1_P:0,uORF,Salk,True,[],analysed,1,True
ENST00000596267.1+chr10:43454281-43454301_F:1_P:31,iORF,Salk,True,[],analysed,1,False
ENST00000247706.4-chr19:17292316-17292630_F:1_P:3,dORF,Salk,True,[],analysed,1,False
ENST00000376597.9+chr9:78236224-78236544_F:1_P:1,uoORF,Salk,True,[],analysed,1,True
ENST00000623126.1-chr17:8015029-8015136_F:0_P:12,eORF,Salk,True,[],analysed,1,True
ENST00000243052.8+chr12:54549602-54549970_F:2_P:0,uoORF,Salk,True,[],analysed,2,True
ENST00000614046.1+chr17:68205884-68206060_F:2_P:2,psORF,Salk,True,[],analysed,1,True
ENST00000479399.5-chr9:34615043-34615126_F:1_P:21,iORF,Salk,True,[],analysed,1,True
ESPRESSO_chr7_26684_13+chr7:26201769-26201822_F:0_P:1,uORF,Salk,True,[],analysed,1,False
ENST00000358776.7+chr10:123041334-123043050_F:2_P:15,iORF,Salk,True,[],analysed,2,True
ENST00000367634.7+chr1:178725220-178725300_F:1_P:0,uORF,Salk,True,[],analysed,1,True
ESPRESSO_chr1_49_19-chr1:1402086-1402331_F:1_P:3,Iso,Salk,True,[],analysed,1,False
ENST00000176643.11+chr17:19648812-19651548_F:0_P:1,uoORF,Salk,True,[],analysed,1,True
ESPRESSO_chr3_21333_12-chr3:183971666-183971713_F:1_P:21,daoORF,Salk,True,[],analysed,1,False
ENST00000498392.1-chr3:49030393-49030596_F:2_P:26,daoORF,Salk,True,[],analysed,1,True
ENST00000375911.2-chr6:31658378-31658593_F:1_P:22,dORF,Salk,True,[],analysed,1,True
ENST00000609265.1+chr22:38043550-38043603_F:1_P:3,lncRNA,Salk,True,[],analysed,1,False
ENST00000382622.4+chr12:3491203-3491427_F:1_P:0,uaORF,Salk,True,[],analysed,1,True
ENST00000302536.3+chr16:77978639-77978683_F:1_P:27,dORF,Salk,True,[],analysed,1,False
ESPRESSO_chr19_14466_13+chr19:18340596-18340706_F:0_P:0,uoORF,Salk,True,[],analysed,3,True
ESPRESSO_chr20_18235_37-chr20:34742981-34743115_F:0_P:12,iORF,Salk,True,[],analysed,1,False
ENST00000681956.1+chr22:21697240-21697329_F:1_P:17,dORF,Salk,True,[],analysed,1,True
ENST00000464419.5+chrX:154444157-154445655_F:2_P:0,uoORF,Salk,True,[],analysed,1,False
ENST00000242261.6-chr7:19116952-19117269_F:0_P:3,iORF,Salk,True,[],analysed,2,True
ESPRESSO_chr19_14079_12+chr19:4219623-4222701_F:1_P:3,iORF,Salk,True,[],analysed,1,True
ENST00000379380.9+chr5:131204212-131204268_F:1_P:122,dORF,Salk,True,[],analysed,1,False
ENST00000323460.10+chr3:196933886-196933957_F:0_P:93,dORF,Salk,True,[],analysed,1,True
ENST00000366843.7-chr1:225489650-225489682_F:0_P:202,dORF,Salk,True,[],analysed,1,False
ENST00000320246.10+chr9:124257949-124257975_F:1_P:0,uaORF,Salk,True,[],analysed,1,False
ENST00000351559.10+chr17:46027861-46027965_F:1_P:70,dORF,Salk,True,[],analysed,1,True
ENST00000434301.1+chr2:100105302-100105370_F:0_P:1,lncRNA,Salk,True,[],analysed,2,True
ENST00000427426.1+chr1:633246-633410_F:0_P:3,psORF,Salk,True,[],analysed,1,False
ENST00000605082.1-chr4:184472346-184472411_F:2_P:5,lncRNA,Salk,True,[],analysed,1,False
ENST00000258418.10+chr2:230712842-230759959_F:2_P:0,uORF,Salk,True,[],analysed,4,True
ESPRESSO_chr3_20834_4+chr3:123480426-123480563_F:0_P:18,eORF,Salk,True,[],analysed,1,False
ENST00000237841.5+chr12:3841958-3842038_F:2_P:35,psORF,Salk,True,[],analysed,1,True
ENST00000495043.5-chr1:38873253-38873276_F:2_P:0,lncRNA,Salk,True,[],analysed,1,False
ENST00000498097.5-chr2:99154522-99154563_F:0_P:1,iORF,Salk,True,[],analysed,1,True
ENST00000456928.2+chr12:4098394-4098810_F:1_P:22,psORF,Salk,True,[],analysed,1,True
ENST00000215570.8-chr19:2426430-2426687_F:0_P:1,dORF,Salk,True,[],analysed,1,True
ENST00000257359.7-chr11:130428398-130428607_F:1_P:0,uORF,Salk,True,[],analysed,1,True
ENST00000623972.1-chr10:85531044-85531115_F:2_P:0,eORF,Salk,True,[],analysed,1,True
ENST00000413042.3+chr7:23205787-23205828_F:1_P:0,lncRNA,Salk,True,[],analysed,1,False
ENST00000366988.5+chr1:212432922-212442605_F:0_P:0,uoORF,Salk,True,[],analysed,1,True
ESPRESSO_chr16_11076_15-chr16:28112908-28112931_F:2_P:13,daoORF,Salk,True,[],analysed,1,False
ENST00000394729.6+chr3:53181238-53181491_F:0_P:5,iORF,Salk,True,[],analysed,1,True
ENST00000413691.2-chr4:173633881-173634102_F:0_P:8,psORF,Salk,True,[],analysed,1,True
ENST00000368814.8-chr1:151871907-151872191_F:1_P:54,dORF,Salk,True,[],analysed,2,False
ENST00000621632.5-chr14:94050686-94050787_F:2_P:36,dORF,Salk,True,[],analysed,1,True
ENST00000617053.3-chr19:46425822-46425917_F:2_P:38,dORF,Salk,True,[],analysed,1,True
ENST00000223215.10+chr7:130492085-130492171_F:2_P:0,uORF,Salk,True,[],analysed,1,True
ENST00000531747.2-chr11:9146632-9146727_F:0_P:21,iORF,Salk,True,[],analysed,1,True
ENST00000537226.3-chr12:133115718-133115864_F:2_P:90,daORF,Salk,True,[],analysed,1,True
ENST00000391440.3-chrX:135022362-135022541_F:2_P:0,uoORF,Salk,True,[],analysed,2,True
ENST00000472729.1+chr2:61888726-61888830_F:1_P:0,iORF,Salk,True,[],analysed,1,True
ENST00000335647.9-chr6:149601746-149603320_F:1_P:16,iORF,Salk,True,[],analysed,1,True
ENST00000557943.6-chr15:76215581-76215823_F:1_P:20,dORF,Salk,True,[],analysed,1,True
ENST00000610583.1+chr5:141374296-141374346_F:1_P:4,iORF,Salk,True,[],analysed,1,False
ENST00000284287.6+chr11:124570359-124570448_F:0_P:2,iORF,Salk,True,[],analysed,1,False
ESPRESSO_chr19_15399_3-chr19:55239655-55240975_F:1_P:2,iORF,Salk,True,[],analysed,1,True
ENST00000624794.1+chr4:4820453-4820563_F:2_P:2,eORF,Salk,True,[],analysed,2,False
ENST00000388712.7-chr9:86077479-86079321_F:2_P:2,uoORF,Salk,True,[],analysed,2,True
ENST00000693253.1+chr3:140489972-140490004_F:2_P:16,lncRNA,Salk,True,[],analysed,1,False
ENST00000438325.2+chr9:89450596-89450754_F:1_P:28,psORF,Salk,True,[],analysed,1,True
ENST00000529927.5+chr11:67611488-67611928_F:0_P:14,daoORF,Salk,True,[],analysed,1,False
ENST00000390666.4-chr5:113433683-113433712_F:1_P:15,dORF,Salk,True,[],analysed,1,False
ESPRESSO_chr11_4829_20+chr11:33656038-33660863_F:2_P:5,iORF,Salk,True,[],analysed,1,True
ENST00000308275.8+chr15:75938691-75938765_F:0_P:157,dORF,Salk,True,[],analysed,1,False
ESPRESSO_chr22_19837_2-chr22:43167147-43167230_F:0_P:5,dORF,Salk,True,[],analysed,1,True
ENST00000606164.1+chr2:88628228-88628380_F:2_P:2,lncRNA,Salk,True,[],analysed,1,False
ESPRESSO_chr16_11116_11-chr16:29873717-29878289_F:2_P:1,iORF,Salk,True,[],analysed,1,False
ENST00000379800.4-chr13:37103821-37103880_F:0_P:38,dORF,Salk,True,[],analysed,1,False
ENST00000647317.2+chr10:50754643-50754675_F:1_P:10,daoORF,Salk,True,[],analysed,1,False
ENST00000514985.6-chr5:42800686-42800706_F:0_P:16,dORF,Salk,True,[],analysed,1,False
ENST00000469796.7-chrX:109643730-109643759_F:1_P:70,dORF,Salk,True,[],analysed,1,False
ENST00000544050.1+chr12:4612672-4613515_F:1_P:1,iORF,Salk,True,[],analysed,1,True
ENST00000482410.5-chr10:112430810-112433323_F:1_P:5,Iso,Salk,True,[],analysed,1,True
ENST00000257548.10+chr12:109087256-109087324_F:1_P:52,dORF,Salk,True,[],analysed,1,False
ENST00000579842.5-chr17:82036628-82036986_F:0_P:0,Iso,Salk,True,[],analysed,1,False
ENST00000493362.1-chr9:83970695-83970784_F:1_P:0,Iso,Salk,True,[],analysed,1,False
ENST00000609883.3-chrX:72128203-72128268_F:0_P:53,dORF,Salk,True,[],analysed,1,False
ENST00000350777.7+chr11:119135719-119135793_F:1_P:55,dORF,Salk,True,[],analysed,1,False
ENST00000299163.7+chr10:100559353-100559520_F:2_P:183,dORF,Salk,True,[],analysed,1,False
ESPRESSO_chr7_27530_45+chr7:105112180-105112371_F:2_P:25,daoORF,Salk,True,[],analysed,1,True
ENST00000389005.6-chr17:3811288-3811383_F:0_P:61,dORF,Salk,True,[],analysed,1,True
ENST00000497413.1+chr9:136850510-136850844_F:1_P:3,Iso,Salk,True,[],analysed,1,True
ENST00000451791.7-chr8:56441570-56441686_F:1_P:6,iORF,Salk,True,[],analysed,1,True
ESPRESSO_chr11_4829_20+chr11:33668929-33668991_F:0_P:12,dORF,Salk,True,[],analysed,1,False
ENST00000285737.9+chr16:48353486-48353599_F:0_P:31,daORF,Salk,True,[],analysed,1,True
ENST00000663212.1-chr14:95524268-95524381_F:1_P:2,lncRNA,Salk,True,[],analysed,1,False
ENST00000610658.2+chr17:38749646-38749954_F:2_P:5,lncRNA,Salk,True,[],analysed,2,True
ESPRESSO_chr1_214_24+chr1:12508984-12509145_F:1_P:47,daoORF,Salk,True,[],analysed,1,True
ENST00000319466.9-chr2:46902621-46902680_F:2_P:46,dORF,Salk,True,[],analysed,1,False
ENST00000525966.1-chr11:14674125-14674172_F:2_P:9,psORF,Salk,True,[],analysed,1,False
ENST00000366843.7-chr1:225652686-225653123_F:2_P:0,uoORF,Salk,True,[],analysed,1,True
ENST00000223215.10+chr7:130499888-130500824_F:2_P:7,iORF,Salk,True,[],analysed,1,False
ENST00000360911.7-chr20:47224454-47229726_F:0_P:60,iORF,Salk,True,[],analysed,1,True
ENST00000409817.1-chr2:136116047-136116073_F:1_P:3,uaORF,Salk,True,[],analysed,1,False
ENST00000682777.1+chr10:27532507-27532593_F:1_P:6,Iso,Salk,True,[],analysed,1,False
ESPRESSO_chr1_170_9+chr1:9540342-9553673_F:0_P:4,iORF,Salk,True,[],analysed,2,True
ENST00000624919.1+chr22:44147545-44147754_F:1_P:92,lncRNA,Salk,True,[],analysed,1,True
ENST00000369905.9-chr10:102479755-102479928_F:2_P:21,daORF,Salk,True,[],analysed,1,True
ENST00000418695.1-chr22:38722744-38723001_F:0_P:13,psORF,Salk,True,[],analysed,3,True
ENST00000271277.11+chr1:112458569-112458658_F:0_P:67,dORF,Salk,True,[],analysed,1,False
ENST00000597793.5+chr19:49856613-49856702_F:0_P:5,iORF,Salk,True,[],analysed,1,True
ENST00000288699.11+chr2:26848132-26898558_F:1_P:0,uoORF,Salk,True,[],analysed,1,True
ENST00000624656.1+chr22:39135850-39136032_F:1_P:19,lncRNA,Salk,True,[],analysed,1,False
ENST00000575234.1+chr16:3309217-3309333_F:1_P:50,daORF,Salk,True,[],analysed,1,True
ENST00000686481.2+chr20:63628363-63628410_F:1_P:7,lncRNA,Salk,True,[],analysed,1,True
ENST00000567499.5-chr16:66731331-66731441_F:2_P:31,iORF,Salk,True,[],analysed,1,True
ENST00000647103.1+chr1:29117740-29117889_F:0_P:19,dORF,Salk,True,[],analysed,1,True
ENST00000264065.12+chr2:182786858-182786995_F:0_P:266,dORF,Salk,True,[],analysed,1,True
ENST00000623223.1+chr5:93601802-93601876_F:2_P:22,eORF,Salk,True,[],analysed,1,False
ENST00000430297.7+chr2:219184187-219184225_F:0_P:28,dORF,Salk,True,[],untestable_no_peptide,0,
ENST00000301391.8+chr17:4150012-4156910_F:2_P:13,iORF,Salk,True,[],analysed,1,True
ENST00000296220.6-chr3:125595087-125595416_F:2_P:2,uORF,Salk,True,[],analysed,1,True
ENST00000459782.1-chr6:107872821-107876624_F:2_P:22,iORF,Salk,True,[],analysed,1,False
ENST00000256433.6-chr18:47157475-47176360_F:1_P:1,uoORF,Salk,True,[],analysed,3,False
ENST00000645722.2+chr5:142770409-142770627_F:1_P:1,uORF,Salk,True,[],analysed,1,True
ENST00000310624.7+chr22:29490073-29490309_F:0_P:27,iORF,Salk,True,[],analysed,5,True
ENST00000609975.2-chr2:95525874-95526077_F:2_P:9,lncRNA,Salk,True,[],analysed,1,False
ENST00000371614.2-chr1:52033520-52033597_F:1_P:3,daoORF,Salk,True,[],analysed,1,True
ENST00000376362.1-chr9:83748807-83748938_F:2_P:6,iORF,Salk,True,[],analysed,1,False
ESPRESSO_chr17_13292_14+chr17:82930641-82937303_F:2_P:3,daoORF,Salk,True,[],analysed,1,True
ENST00000398559.7-chr3:69022762-69022797_F:2_P:83,dORF,Salk,True,[],analysed,1,True
ENST00000475697.5+chr1:51760369-51760437_F:1_P:12,iORF,Salk,True,[],analysed,1,True
ENST00000437653.1-chr3:175977536-175977673_F:1_P:8,psORF,Salk,True,[],analysed,2,False
ENST00000623631.2+chr3:171460783-171460923_F:1_P:2,lncRNA,Salk,True,[],analysed,1,True
ENST00000328853.11-chr19:7729142-7729384_F:2_P:9,doORF,Salk,True,[],analysed,1,True
ENST00000380281.6+chr12:49644470-49644544_F:1_P:24,dORF,Salk,True,[],analysed,1,False
ENST00000355899.8+chrX:115649730-115649780_F:0_P:6,dORF,Salk,True,[],analysed,1,False
ENST00000569449.1+chr4:155736071-155736160_F:2_P:30,dORF,Salk,True,[],analysed,1,False
ENST00000447404.6-chr9:123136470-123136511_F:2_P:42,daoORF,Salk,True,[],analysed,1,True
ESPRESSO_chr19_13990_2+chr19:1244348-1244823_F:2_P:0,Iso,Salk,True,[],analysed,2,False
ENST00000326402.9-chr11:93146386-93146439_F:0_P:53,dORF,Salk,True,[],analysed,1,False
ENST00000372806.8+chr20:45079708-45079728_F:2_P:106,dORF,Salk,True,[],analysed,1,False
ENST00000623121.1-chr16:78525393-78525545_F:2_P:19,eORF,Salk,True,[],analysed,1,False
ENST00000471401.5-chr20:45775549-45791879_F:2_P:0,uoORF,Salk,True,[],analysed,1,True
ENST00000467889.3-chr15:68193257-68193319_F:2_P:22,dORF,Salk,True,[],analysed,1,True
ENST00000664445.2+chr21:16419198-16419293_F:0_P:0,lncRNA,Salk,True,[],analysed,1,True
ENST00000333337.3+chr21:33026568-33026915_F:0_P:8,uoORF,Salk,True,[],analysed,1,True
ENST00000674823.1-chr1:116402051-116402089_F:2_P:60,lncRNA,Salk,True,[],analysed,1,False
ENST00000393441.8+chr10:101354071-101479395_F:1_P:1,uoORF,Salk,True,[],analysed,1,True
ENST00000679454.1-chr2:24919875-24920237_F:2_P:0,uORF,Salk,True,[],analysed,1,True
ENST00000393745.8+chr5:175883405-175883779_F:0_P:25,dORF,Salk,True,[],analysed,1,False
ENST00000299163.7+chr10:100551874-100552026_F:2_P:67,dORF,Salk,True,[],analysed,1,True
ESPRESSO_chr2_17111_24-chr2:162446415-162504455_F:1_P:22,iORF,Salk,True,[],analysed,1,False
ENST00000417098.6-chr2:199457544-199457939_F:2_P:0,uORF,Salk,True,[],analysed,1,True
ENST00000394232.6+chr15:91295504-91295608_F:0_P:98,dORF,Salk,True,[],analysed,1,True
ENST00000257905.13-chr12:54584284-54588658_F:1_P:0,uoORF,Salk,True,[],analysed,2,True
ENST00000635637.1+chr7:129056281-129056418_F:1_P:17,psORF,Salk,True,[],analysed,1,True
ENST00000380516.7-chr15:58898838-58899549_F:0_P:43,daoORF,Salk,True,[],analysed,1,True
ENST00000426850.1+chr3:10276369-10276428_F:2_P:2,daoORF,Salk,True,[],analysed,1,False
ENST00000613011.1-chr14:18889328-18889417_F:1_P:25,psORF,Salk,True,[],analysed,1,True
ESPRESSO_chr1_1627_9-chr1:145164442-145164492_F:0_P:5,lncRNA,Salk,True,[],analysed,1,True
ESPRESSO_chr12_6867_9-chr12:53308528-53308990_F:1_P:9,iORF,Salk,True,[],analysed,1,False
ENST00000571021.1+chr17:50359411-50359650_F:1_P:6,iORF,Salk,True,[],analysed,2,True
ENST00000678139.2-chr2:222315909-222316121_F:2_P:46,dORF,Salk,True,[],analysed,2,False
ENST00000664347.1+chr5:88270293-88270322_F:1_P:18,lncRNA,Salk,True,[],analysed,1,False
ENST00000539966.6-chr13:98447256-98447336_F:1_P:92,dORF,Salk,True,[],analysed,1,True
ENST00000354981.7-chr20:16379789-16379836_F:1_P:53,iORF,Salk,True,[],analysed,1,True
ENST00000379757.9-chr6:7882520-7882561_F:1_P:11,dORF,Salk,True,[],analysed,1,True
ENST00000358776.7+chr10:123054967-123055044_F:1_P:49,dORF,Salk,True,[],analysed,1,True
ENST00000284268.8-chr5:14705440-14705517_F:0_P:101,dORF,Salk,True,[],analysed,1,True
ENST00000252136.12-chr22:20116979-20117185_F:1_P:1,uORF,Salk,True,[],analysed,1,True
ENST00000455509.1-chr1:210861355-210861429_F:0_P:12,psORF,Salk,True,[],analysed,1,False
ENST00000374720.8+chr9:105395977-105395997_F:2_P:178,daORF,Salk,True,[],analysed,1,True
ENST00000607967.1-chr10:102642919-102643365_F:0_P:2,lncRNA,Salk,True,[],analysed,2,True
ENST00000602252.5+chr19:49496432-49497195_F:2_P:0,uoORF,Salk,True,[],analysed,1,False
ENST00000250559.14+chr12:68669383-68669460_F:1_P:225,dORF,Salk,True,[],analysed,1,True
ENST00000329203.5-chr11:82731931-82731984_F:0_P:17,dORF,Salk,True,[],analysed,1,True
ENST00000265970.11-chr11:17168957-17169007_F:1_P:19,iORF,Salk,True,[],analysed,1,True
ENST00000526240.5-chr11:6396416-6396517_F:1_P:2,iORF,Salk,True,[],analysed,1,True
ENST00000389744.8+chr14:103654753-103654815_F:0_P:9,iORF,Salk,True,[],analysed,1,True
ENST00000399816.4+chr5:6495979-6496131_F:1_P:71,dORF,Salk,True,[],analysed,1,True
ENST00000376352.6+chr17:55165677-55165748_F:1_P:150,dORF,Salk,True,[],analysed,1,True
ENST00000611171.1-chr19:37315054-37315125_F:0_P:7,lncRNA,Salk,True,[],analysed,1,True
ENST00000599908.1-chr1:16601694-16601858_F:2_P:28,iORF,Salk,True,[],analysed,1,True
ENST00000684443.1-chr8:117806755-117806790_F:0_P:4,iORF,Salk,True,[],analysed,1,True
ENST00000651692.1-chr20:10404612-10404683_F:0_P:67,dORF,Salk,True,[],analysed,1,True
ENST00000323865.5-chr5:63960080-63960106_F:1_P:16,dORF,Salk,True,[],analysed,1,False
ENST00000400075.4+chr21:25735198-25735266_F:1_P:4,uORF,Salk,True,[],analysed,1,True
ENST00000338272.9+chr1:109096024-109096095_F:1_P:30,dORF,Salk,True,[],analysed,1,True
ENST00000296257.10+chr3:185619307-185619336_F:2_P:31,daoORF,Salk,True,[],analysed,1,True
ENST00000264896.8-chr4:76161046-76161195_F:0_P:34,dORF,Salk,True,[],analysed,1,True
ENST00000377861.4-chr13:67228034-67228078_F:2_P:19,iORF,Salk,True,[],analysed,1,True
ENST00000302764.9-chr5:163451759-163451896_F:1_P:54,dORF,Salk,True,[],analysed,1,True
ENST00000487638.5+chr2:71434979-71435056_F:1_P:9,dORF,Salk,True,[],analysed,1,True
ENST00000511987.5-chr17:51031191-51031289_F:0_P:17,iORF,Salk,True,[],analysed,1,True
ENST00000664153.3+chr11:10879009-10879137_F:0_P:8,lncRNA,Salk,True,[],analysed,1,True
ENST00000258484.11+chr2:148781695-148783699_F:2_P:35,iORF,Salk,True,[],analysed,1,True
ENST00000580891.1+chr18:9506242-9506319_F:1_P:0,lncRNA,Salk,True,[],analysed,1,False
ENST00000396037.9-chr12:22194551-22194583_F:1_P:167,dORF,Salk,True,[],analysed,1,False
ENST00000610262.2+chr2:86195298-86195681_F:0_P:3,lncRNA,Salk,True,[],analysed,1,True
ENST00000451604.7-chr12:23532321-23532389_F:2_P:86,dORF,Salk,True,[],analysed,1,True
ENST00000609827.1+chr7:105572624-105572710_F:2_P:29,lncRNA,Salk,True,[],analysed,1,False
ENST00000261667.8-chr13:49705665-49705739_F:1_P:28,iORF,Salk,True,[],analysed,1,True
ENST00000444945.1-chr19:11666072-11666245_F:1_P:23,psORF,Salk,True,[],analysed,1,True
ENST00000366927.3+chr1:219179151-219193132_F:1_P:2,iORF,Salk,True,[],analysed,1,True
ENST00000539605.5-chr12:132726132-132726236_F:1_P:110,dORF,Salk,True,[],analysed,1,False
ENST00000623075.1+chr22:45662778-45662852_F:0_P:100,lncRNA,Salk,True,[],analysed,2,False
ENST00000443361.1+chr9:105522617-105522637_F:2_P:63,psORF,Salk,True,[],analysed,1,False
ESPRESSO_chr16_11390_26-chr16:49491117-49491143_F:0_P:6,dORF,Salk,True,[],analysed,1,False
ESPRESSO_chr15_10249_7+chr15:64130263-64130313_F:1_P:6,daoORF,Salk,True,[],analysed,1,False
ENST00000290231.11-chr20:46062845-46063383_F:0_P:10,iORF,Salk,True,[],analysed,1,True
ENST00000687653.2+chr6:13328575-13328640_F:1_P:0,lncRNA,Salk,True,[],analysed,1,False
ENST00000617058.1+chr10:125001283-125001327_F:1_P:52,lncRNA,Salk,True,[],analysed,1,False
ENST00000375911.2-chr6:31659004-31659096_F:0_P:27,daoORF,Salk,True,[],analysed,2,False
ENST00000699557.1+chr1:160355582-160355617_F:2_P:20,iORF,Salk,True,[],analysed,1,False
ENST00000565768.3+chr16:56617423-56618753_F:1_P:0,psORF,Salk,True,[],analysed,1,False
ENST00000678499.1+chr2:169584845-169584877_F:2_P:1,uORF,Salk,True,[],analysed,1,False
ENST00000303596.3+chr16:67842320-67842490_F:2_P:0,uORF,Salk,True,[],analysed,2,False
ENST00000568144.1-chr16:11881297-11881374_F:0_P:22,lncRNA,Salk,True,[],analysed,1,False
ENST00000225724.9+chr17:30523442-30523768_F:0_P:30,dORF,Salk,True,[],analysed,2,True
ENST00000664457.1-chr6:44093006-44093125_F:1_P:31,lncRNA,Salk,True,[],analysed,2,False
ESPRESSO_chr9_30453_20-chr9:113275446-113275544_F:2_P:2,uORF,Salk,True,[],analysed,1,False
ENST00000563261.7+chr16:88663299-88671297_F:0_P:0,lncRNA,Salk,True,[],analysed,1,True
ESPRESSO_chr7_26684_8-chr7:26192102-26196467_F:2_P:0,Iso,Salk,True,[],analysed,1,False
ENST00000556883.1-chr14:93183965-93184003_F:2_P:6,iORF,Salk,True,[],analysed,1,True
ENST00000351677.7+chr12:112508828-112508974_F:0_P:120,dORF,Salk,True,[],analysed,1,True
ENST00000420283.3-chr6:116250892-116250963_F:0_P:20,dORF,Salk,True,[],analysed,1,True
ENST00000290583.9-chr1:151716366-151716665_F:2_P:2,uaORF,Salk,True,[],analysed,1,True
ENST00000453779.6+chr6:163414651-163414809_F:1_P:1,uORF,Salk,True,[],analysed,4,True
ENST00000350499.6+chr9:132883956-132887454_F:0_P:2,iORF,Salk,True,[],analysed,1,True
ENST00000686603.1-chr15:52310248-52310322_F:1_P:94,dORF,Salk,True,[],analysed,1,False
ENST00000569927.2+chr4:98659758-98659853_F:0_P:5,lncRNA,Salk,True,[],analysed,1,True
ENST00000258418.10+chr2:230712961-230760096_F:1_P:1,uoORF,Salk,True,[],analysed,2,True
ENST00000528663.1-chr8:144449953-144450378_F:1_P:53,dORF,Salk,True,[],analysed,4,False
ENST00000503569.5+chr4:6287175-6289024_F:0_P:4,iORF,Salk,True,[],analysed,2,False
ENST00000479815.5+chr1:26473977-26475145_F:0_P:11,Iso,Salk,True,[],analysed,1,True
ENST00000609937.2+chr4:140756411-140756632_F:2_P:0,lncRNA,Salk,True,[],analysed,3,False
ENST00000327347.10-chr10:13317686-13317835_F:2_P:55,dORF,Salk,True,[],analysed,2,False
ESPRESSO_chr1_840_11+chr1:46303817-46316581_F:2_P:3,Iso,Salk,True,[],analysed,1,False
ENST00000439238.3+chr17:8289991-8290080_F:2_P:11,dORF,Salk,True,[],analysed,2,False
ENST00000457540.1+chr1:630141-630203_F:0_P:6,psORF,Salk,True,[],analysed,1,False
ESPRESSO_chr22_19826_13+chr22:42588224-42601411_F:2_P:1,eORF,Salk,True,[],analysed,1,False
ENST00000265028.8+chr3:186570804-186572106_F:0_P:2,uoORF,Salk,True,[],analysed,1,False
ENST00000298355.7-chr14:50982049-50998051_F:2_P:29,iORF,Salk,True,[],analysed,1,False
ENST00000264414.9-chr2:224585000-224585266_F:1_P:2,uoORF,Salk,True,[],analysed,1,True
ENST00000182527.4-chr6:52498434-52498625_F:2_P:75,dORF,Salk,True,[],analysed,1,False
ENST00000617888.1-chr17:81481118-81481516_F:1_P:2,lncRNA,Salk,True,[],analysed,1,True
ENST00000624339.1+chr1:33163722-33163805_F:0_P:15,eORF,Salk,True,[],analysed,1,True
ENST00000492865.1-chr9:83969416-83970912_F:0_P:10,Iso,Salk,True,[],analysed,1,False
ENST00000594816.1-chr19:58429063-58429176_F:0_P:35,lncRNA,Salk,True,[],analysed,1,False
ENST00000320431.8-chr3:49716847-49717008_F:0_P:12,dORF,Salk,True,[],analysed,1,False
ENST00000497565.3+chr3:9742901-9742948_F:2_P:9,daoORF,Salk,True,[],analysed,1,False
ESPRESSO_chr19_14304_39-chr19:12797084-12800191_F:2_P:8,Iso,Salk,True,[],analysed,1,False
ENST00000587620.1+chr19:56315609-56315695_F:2_P:7,lncRNA,Salk,True,[],analysed,1,False
ESPRESSO_chr5_24152_30+chr5:132640729-132642361_F:1_P:0,Iso,Salk,True,[],analysed,1,False
ENST00000588657.6+chr19:10690880-10691002_F:1_P:48,dORF,Salk,True,[],analysed,1,True
ENST00000588420.1-chr19:45640942-45641028_F:0_P:17,iORF,Salk,True,[],analysed,1,True
ENST00000468748.7+chr3:184143925-184143969_F:0_P:28,iORF,Salk,True,[],analysed,1,False
ENST00000571555.1+chr17:3035948-3036022_F:2_P:30,dORF,Salk,True,[],analysed,1,False
ENST00000494114.1+chr1:40070471-40070554_F:2_P:0,iORF,Salk,True,[],analysed,1,False
ENST00000328933.10+chr22:39383765-39383845_F:0_P:18,dORF,Salk,True,[],analysed,1,True
ENST00000394708.7-chr4:106045625-106045729_F:2_P:18,dORF,Salk,True,[],analysed,1,True
ENST00000399562.9-chr22:19442807-19442932_F:2_P:19,daORF,Salk,True,[],analysed,1,True
ENST00000680070.1-chr6:3224645-3224728_F:0_P:22,dORF,Salk,True,[],analysed,1,True
ENST00000692162.1+chr3:184183053-184183082_F:1_P:25,daORF,Salk,True,[],analysed,1,True
ESPRESSO_chr19_13986_24+chr19:1105406-1105736_F:2_P:1,Iso,Salk,True,[],analysed,1,False
ESPRESSO_chr1_1872_47+chr1:154220975-154225095_F:2_P:1,uORF,Salk,True,[],analysed,2,True
ENST00000506636.1-chr4:121828160-121828252_F:0_P:58,iORF,Salk,True,[],analysed,1,True
ENST00000291295.14+chr19:46609841-46609924_F:2_P:7,dORF,Salk,True,[],analysed,1,True
ENST00000538077.3-chr13:110866507-110866554_F:0_P:60,lncRNA,Salk,True,[],analysed,1,False
ENST00000260643.7-chr2:27132257-27132701_F:1_P:10,daoORF,Salk,True,[],analysed,1,False
ENST00000282561.4+chr6:121448283-121448384_F:2_P:22,dORF,Salk,True,[],analysed,1,False
ENST00000441076.7-chrX:103676513-103676623_F:1_P:12,iORF,Salk,True,[],analysed,1,True
ESPRESSO_chr2_15825_7-chr2:31284428-31284490_F:1_P:22,eORF,Salk,True,[],analysed,1,False
ENST00000504548.4+chr8:143601542-143601805_F:2_P:18,dORF,Salk,True,[],analysed,1,True
ENST00000270176.10+chr11:65538032-65538082_F:2_P:19,iORF,Salk,True,[],analysed,1,False
ENST00000614517.1+chr5:149412330-149412551_F:0_P:71,lncRNA,Salk,True,[],analysed,1,True
ENST00000381883.5+chr9:4665105-4665131_F:0_P:41,dORF,Salk,True,[],analysed,1,False
ENST00000340634.6-chr3:142958529-142958564_F:2_P:75,daORF,Salk,True,[],analysed,1,False
ENST00000589996.5+chr19:36121669-36125776_F:0_P:8,Iso,Salk,True,[],analysed,2,False
ESPRESSO_chr7_26561_18-chr7:10933639-10940112_F:0_P:2,N-Iso,Salk,True,[],analysed,1,True
ENST00000568031.1-chr16:88178352-88178444_F:2_P:1,lncRNA,Salk,True,[],analysed,1,False
ENST00000400968.7+chr1:193088002-193088091_F:0_P:87,daORF,Salk,True,[],analysed,1,True
ENST00000608372.6+chr4:140382677-140382814_F:0_P:35,dORF,Salk,True,[],analysed,1,True
ESPRESSO_chr17_12716_21-chr17:44093191-44093599_F:2_P:3,iORF,Salk,True,[],analysed,1,False
ENST00000622856.1+chr14:70822005-70823836_F:0_P:0,lncRNA,Salk,True,[],analysed,1,True
ENST00000252321.5+chr12:5044210-5044539_F:1_P:5,iORF,Salk,True,[],untestable_no_peptide,0,
ENST00000596161.5+chr19:46003506-46003541_F:0_P:4,iORF,Salk,True,[],analysed,1,True
ESPRESSO_chrX_31195_41-chrX:47572937-47574024_F:0_P:0,iORF,Salk,True,[],analysed,1,False
ESPRESSO_chrX_31195_40-chrX:47572867-47574024_F:0_P:0,Iso,Salk,True,[],analysed,1,False
ENST00000375118.1-chr9:97910747-97910827_F:1_P:33,uaORF,Salk,True,[],analysed,1,True
ENST00000280571.10-chr12:123430631-123436178_F:2_P:2,iORF,Salk,True,[],analysed,1,True
ENST00000620254.5+chr5:157393870-157393989_F:2_P:70,dORF,Salk,True,[],analysed,1,True
ENST00000467662.5-chr6:30677288-30679243_F:0_P:3,iORF,Salk,True,[],analysed,1,True
ESPRESSO_chr2_15843_2+chr2:32916199-32916625_F:1_P:0,lncRNA,Salk,True,[],analysed,1,True
ENST00000598970.2+chr11:77473625-77473732_F:2_P:1,lncRNA,Salk,True,[],analysed,1,True
ENST00000624514.1-chr17:18108863-18108961_F:1_P:21,eORF,Salk,True,[],analysed,1,True
ENST00000464344.6-chr2:241074208-241074300_F:2_P:25,iORF,Salk,True,[],analysed,1,True
ENST00000557824.1+chr15:88650116-88650181_F:2_P:49,iORF,Salk,True,[],analysed,1,True
ENST00000559381.5-chr15:40290068-40291132_F:1_P:1,iORF,Salk,True,[],analysed,3,True
ENST00000350777.7+chr11:119135386-119135487_F:1_P:50,dORF,Salk,True,[],analysed,2,False
ENST00000234038.11+chr2:241182905-241183039_F:2_P:3,daORF,Salk,True,[],analysed,1,True
ENST00000628855.1+chr7:32761712-32761783_F:2_P:21,lncRNA,Salk,True,[],analysed,1,True
ESPRESSO_chr11_4773_3+chr11:23189108-23189185_F:1_P:22,lncRNA,Salk,True,[],analysed,1,True
ENST00000256178.8-chr11:10558267-10558296_F:2_P:29,dORF,Salk,True,[],analysed,1,True
ENST00000630330.2-chr2:203495337-203535333_F:0_P:0,uoORF,Salk,True,[],analysed,2,False
ESPRESSO_chr5_23121_13+chr5:1801697-1815913_F:2_P:0,Iso,Salk,True,[],analysed,1,True
ESPRESSO_chr11_5447_8+chr11:65919426-65920372_F:0_P:0,uoORF,Salk,True,[],analysed,7,True
ESPRESSO_chr1_400_17-chr1:22643635-22647825_F:0_P:4,eORF,Salk,True,[],analysed,1,True
ENST00000309235.6+chr9:111533825-111534306_F:0_P:15,iORF,Salk,True,[],analysed,1,True
ENST00000265849.12-chr7:5971463-5971741_F:0_P:82,dORF,Salk,True,[],untestable_no_peptide,0,
ENST00000230671.7+chr5:150210109-150210138_F:0_P:31,daORF,Salk,True,[],analysed,1,False
ESPRESSO_chr15_10321_3-chr15:70666866-70666907_F:2_P:13,iORF,Salk,True,[],analysed,1,False
ENST00000323144.12-chr1:154170695-154171428_F:1_P:23,daoORF,Salk,True,[],analysed,1,False
ENST00000610020.2+chr1:92389197-92389313_F:1_P:67,dORF,Salk,True,[],analysed,1,False
ENST00000620791.1-chr15:90074537-90074581_F:1_P:28,lncRNA,Salk,True,[],analysed,1,False
ESPRESSO_chr1_0_13-chr1:15895-16876_F:0_P:6,psORF,Salk,True,[],analysed,1,False
ENST00000393437.8-chr2:100274193-100274237_F:1_P:202,dORF,Salk,True,[],analysed,1,True
ENST00000604456.1+chr14:23294523-23294636_F:0_P:10,psORF,Salk,True,[],analysed,1,True
ENST00000488824.1-chr1:109737745-109738113_F:0_P:9,iORF,Salk,True,[],analysed,1,False
ENST00000484980.5-chr17:28549317-28549430_F:2_P:37,uaORF,Salk,True,[],analysed,1,True
ENST00000302475.9-chr5:113023471-113023527_F:0_P:75,dORF,Salk,True,[],analysed,2,False
ENST00000562669.1-chr18:67484012-67484044_F:1_P:20,lncRNA,Salk,True,[],analysed,1,False
ENST00000359154.7+chr16:69940719-69940805_F:0_P:43,dORF,Salk,True,[],analysed,1,False
ESPRESSO_chr12_6729_45-chr12:47791285-47791947_F:0_P:0,daoORF,Salk,True,[],analysed,1,True
ESPRESSO_chrX_31195_40-chrX:47572937-47574025_F:1_P:0,iORF,Salk,True,[],analysed,1,False
ENST00000507592.5-chr4:151672832-151672888_F:1_P:6,daoORF,Salk,True,[],analysed,1,False
ENST00000623966.2+chr19:16574330-16574371_F:2_P:21,lncRNA,Salk,True,[],analysed,1,False
ENST00000331222.6+chr8:1784690-1784755_F:0_P:69,daORF,Salk,True,[],analysed,2,False
ESPRESSO_chr10_4281_3-chr10:120846497-120846580_F:1_P:0,lncRNA,Salk,True,[],analysed,1,False
ENST00000427836.8-chr2:207861222-207946367_F:1_P:34,iORF,Salk,True,[],analysed,1,True
ENST00000399506.9-chr17:7189924-7190037_F:1_P:29,dORF,Salk,True,[],analysed,1,False
ENST00000603676.1+chr11:95144769-95144858_F:0_P:15,psORF,Salk,True,[],analysed,1,True
ENST00000367265.9-chr1:202726481-202726504_F:2_P:154,daoORF,Salk,True,[],analysed,1,False
ENST00000558441.1-chr15:32718742-32718993_F:0_P:1,lncRNA,Salk,True,[],analysed,2,True
ENST00000393408.7-chr17:48070499-48070540_F:1_P:22,dORF,Salk,True,[],analysed,1,True
ENST00000467270.1+chr5:33162354-33162515_F:0_P:1,psORF,Salk,True,[],analysed,1,True
ENST00000319928.9-chr1:46610160-46613176_F:1_P:2,iORF,Salk,True,[],analysed,1,True
ESPRESSO_chr19_14473_10-chr19:18593606-18593794_F:2_P:1,eORF,Salk,True,[],analysed,1,True
ENST00000296149.9-chr3:47513609-47513710_F:1_P:0,uORF,Salk,True,[],analysed,1,True
ENST00000296792.9+chr5:73582213-73582305_F:2_P:50,dORF,Salk,True,[],analysed,1,True
ENST00000297737.11-chr8:40532126-40532185_F:0_P:16,dORF,Salk,True,[],analysed,1,True
ENST00000374874.8+chr9:101269933-101286114_F:1_P:3,iORF,Salk,True,[],analysed,1,False
ENST00000341657.9-chr17:4184859-4194988_F:0_P:22,daoORF,Salk,True,[],analysed,1,True
ENST00000608819.1+chr7:135168527-135168607_F:2_P:2,lncRNA,Salk,True,[],analysed,1,True
ESPRESSO_chr11_4665_12-chr11:11621406-11621528_F:2_P:2,iORF,Salk,True,[],analysed,1,True
ESPRESSO_chr9_30615_0+chr9:129266556-129266603_F:2_P:19,eORF,Salk,True,[],analysed,1,True
ENST00000621046.2+chr19:27802839-27802877_F:0_P:0,lncRNA,Salk,True,[],analysed,1,False
ENST00000623493.1-chr17:54957823-54957930_F:0_P:6,eORF,Salk,True,[],analysed,1,True
ENST00000554457.1+chr14:35315931-35316020_F:0_P:85,iORF,Salk,True,[],analysed,1,True
ESPRESSO_chr17_12166_13-chr17:18579979-18580065_F:0_P:67,psORF,Salk,True,[],analysed,1,True
ENST00000380502.8-chr9:19053489-19053521_F:0_P:124,dORF,Salk,True,[],analysed,1,False
ENST00000525618.5+chr11:12253200-12253472_F:0_P:2,iORF,Salk,True,[],analysed,1,True
ENST00000582743.6+chr17:82237592-82238807_F:2_P:4,iORF,Salk,True,[],analysed,3,False
ENST00000602516.1-chr6:30305187-30305243_F:2_P:24,lncRNA,Salk,True,[],analysed,1,True
ENST00000560379.1+chr15:50499254-50499331_F:2_P:8,dORF,Salk,True,[],analysed,1,False
ENST00000521102.3-chr8:103154395-103154508_F:1_P:56,lncRNA,Salk,True,[],analysed,1,True
ENST00000556895.5+chr15:92882862-92885528_F:0_P:0,lncRNA,Salk,True,[],analysed,1,True
ENST00000400921.6+chr1:2175271-2184650_F:1_P:21,daoORF,Salk,True,[],analysed,1,True
ENST00000441236.3+chr16:68337508-68337543_F:0_P:14,daoORF,Salk,True,[],analysed,1,True
ENST00000344680.8-chr19:45494210-45494701_F:2_P:6,uaoORF,Salk,True,[],analysed,1,True
ENST00000415914.4-chr7:108564897-108564983_F:2_P:14,daoORF,Salk,True,[],analysed,1,True
ENST00000702683.1-chr1:3068865-3069089_F:2_P:0,lncRNA,Salk,True,[],analysed,1,True
ENST00000295872.8-chr3:113468848-113469181_F:0_P:28,iORF,Salk,True,[],analysed,1,True
ENST00000691740.1-chr1:28736688-28737014_F:2_P:8,lncRNA,Salk,True,[],analysed,1,True
ENST00000292894.2-chr19:36035285-36035527_F:2_P:7,daoORF,Salk,True,[],analysed,1,True
ENST00000284268.8-chr5:14705276-14705404_F:1_P:91,dORF,Salk,True,[],analysed,1,False
ENST00000576634.6+chr16:3538575-3538685_F:1_P:82,dORF,Salk,True,[],analysed,1,True
ESPRESSO_chr8_29314_17-chr8:132129440-132129520_F:1_P:18,daoORF,Salk,True,[],analysed,1,True
ENST00000254260.8-chr19:33012702-33044329_F:2_P:3,iORF,Salk,True,[],analysed,2,True
ENST00000219313.9+chr16:74306124-74306285_F:1_P:11,dORF,Salk,True,[],analysed,1,False
ENST00000512907.5+chr5:80477470-80477553_F:0_P:88,dORF,Salk,True,[],analysed,1,True
ENST00000608373.1+chr22:17070347-17070448_F:2_P:41,lncRNA,Salk,True,[],analysed,1,True
ENST00000302060.10-chr5:139411696-139411749_F:2_P:58,dORF,Salk,True,[],analysed,1,False
ENST00000347055.4-chr2:88027724-88027753_F:1_P:12,dORF,Salk,True,[],analysed,1,True
ENST00000565181.1-chr15:72473070-72473150_F:2_P:21,lncRNA,Salk,True,[],analysed,1,True
ENST00000341533.8-chr7:103099811-103099849_F:2_P:108,dORF,Salk,True,[],analysed,1,False
ENST00000497048.5-chr9:107485405-107485506_F:0_P:13,dORF,Salk,True,[],analysed,1,False
ENST00000353224.10-chr20:9538176-9538202_F:2_P:68,dORF,Salk,True,[],analysed,1,False
ENST00000264360.7+chr4:133191000-133191101_F:0_P:65,dORF,Salk,True,[],analysed,1,True
ENST00000219400.8-chr16:80975285-80975320_F:1_P:27,dORF,Salk,True,[],analysed,1,False
ENST00000571720.2+chr16:68562408-68562452_F:0_P:8,iORF,Salk,True,[],analysed,1,True
ENST00000367265.9-chr1:202774620-202777023_F:2_P:5,uaoORF,Salk,True,[],untestable_no_peptide,0,
ENST00000649339.1-chr1:202730113-202730133_F:0_P:9,iORF,Salk,True,[],analysed,1,False
ESPRESSO_chr6_26025_28-chr6:119016838-119016876_F:0_P:3,iORF,Salk,True,[],analysed,1,True
ENST00000693211.1+chr3:50653750-50653812_F:1_P:37,lncRNA,Salk,True,[],analysed,1,False
ENST00000481708.1-chr2:17680041-17680079_F:2_P:41,iORF,Salk,True,[],analysed,1,False
ENST00000449762.6+chr8:106726300-106739519_F:1_P:7,Iso,Salk,True,[],analysed,1,False
ESPRESSO_chr4_22541_8+chr4:122230040-122230111_F:2_P:45,daoORF,Salk,True,[],analysed,1,False
ENST00000565815.1-chr13:75934778-75935083_F:1_P:4,lncRNA,Salk,True,[],analysed,1,True
ENST00000225737.11-chr17:19958074-19958214_F:0_P:13,daoORF,Salk,True,[],analysed,1,False
ENST00000497565.3+chr3:9747821-9747991_F:0_P:21,dORF,Salk,True,[],analysed,1,True
ENST00000506002.1+chr5:134924495-134924572_F:2_P:1,psORF,Salk,True,[],analysed,1,False
ENST00000607957.1+chr7:123750274-123750300_F:1_P:17,lncRNA,Salk,True,[],analysed,1,True
ENST00000358741.4+chrX:71169671-71169712_F:2_P:39,daoORF,Salk,True,[],analysed,1,True
ENST00000340779.3-chr7:64889547-64889801_F:2_P:4,lncRNA,Salk,True,[],analysed,1,True
ENST00000677576.1+chr14:30720145-30720183_F:1_P:4,iORF,Salk,True,[],analysed,1,False
ENST00000389061.10+chr3:45732146-45735315_F:2_P:26,Iso,Salk,True,[],analysed,1,False
ENST00000379704.7-chr9:33256854-33258945_F:1_P:15,daoORF,Salk,True,[],analysed,1,True
ENST00000590024.1+chr2:178727019-178727045_F:0_P:78,lncRNA,Salk,True,[],analysed,1,True
ENST00000568248.1-chr8:134794162-134794227_F:0_P:74,lncRNA,Salk,True,[],analysed,1,False
ENST00000611950.1+chr5:141476650-141476739_F:1_P:11,iORF,Salk,True,[],analysed,2,True
ESPRESSO_chr2_17417_8+chr2:204776365-204776406_F:2_P:78,eORF,Salk,True,[],analysed,1,False
ENST00000686603.1-chr15:52311866-52311940_F:2_P:37,dORF,Salk,True,[],analysed,1,True
ENST00000624429.1-chr6:71387851-71387991_F:0_P:64,lncRNA,Salk,True,[],analysed,1,True
ENST00000517566.7+chr8:106710764-106713927_F:2_P:67,iORF,Salk,True,[],analysed,1,True
ENST00000626826.1+chr12:102215185-102215232_F:1_P:354,lncRNA,Salk,True,[],analysed,1,False
ENST00000264710.5+chr2:26137211-26137318_F:2_P:61,dORF,Salk,True,[],analysed,1,True
ESPRESSO_chr12_7496_27-chr12:118036495-118042849_F:1_P:6,daoORF,Salk,True,[],analysed,1,True
ENST00000308086.3+chr12:71677839-71678024_F:1_P:44,dORF,Salk,True,[],analysed,2,False
ENST00000656825.1+chr1:22099190-22099243_F:1_P:156,dORF,Salk,True,[],analysed,1,True
ESPRESSO_chr17_13136_6+chr17:75756577-75756839_F:2_P:3,iORF,Salk,True,[],analysed,1,True
ENST00000311151.9+chr8:26657420-26657461_F:1_P:28,dORF,Salk,True,[],analysed,1,False
ENST00000425380.7+chr11:125899845-125900018_F:1_P:17,iORF,Salk,True,[],analysed,1,True
ENST00000588643.1-chr17:76039709-76040493_F:0_P:14,Iso,Salk,True,[],analysed,1,False
ENST00000284031.13-chr1:85465062-85465157_F:2_P:0,uORF,Salk,True,[],analysed,1,True
ENST00000356151.7+chr3:58382671-58390647_F:0_P:7,Iso,Salk,True,[],analysed,1,False
ENST00000674282.1+chr2:88170378-88170797_F:0_P:0,uORF,Salk,True,[],analysed,1,True
ENST00000421083.1+chr2:144520830-144520859_F:1_P:8,lncRNA,Salk,True,[],analysed,1,False
ENST00000356321.4-chr15:34978528-34978578_F:2_P:151,dORF,Salk,True,[],analysed,1,True
ENST00000565297.2+chr8:78836810-78836875_F:2_P:44,lncRNA,Salk,True,[],analysed,1,False
ENST00000372979.9-chr10:73133952-73134071_F:2_P:44,daORF,Salk,True,[],analysed,1,False
ENST00000307221.5-chr22:40860958-40860996_F:0_P:46,dORF,Salk,True,[],analysed,1,False
ENST00000301011.10+chr16:88631553-88631783_F:1_P:30,daoORF,Salk,True,[],analysed,2,True
ENST00000370544.10+chr1:87348891-87348923_F:0_P:93,dORF,Salk,True,[],analysed,1,False
ENST00000412856.6-chr7:35751908-35751937_F:1_P:79,lncRNA,Salk,True,[],analysed,1,False
ENST00000518204.1+chr5:168467695-168467865_F:1_P:0,iORF,Salk,True,[],analysed,1,False
ENST00000555019.6-chr14:93964467-93976461_F:0_P:1,uoORF,Salk,True,[],analysed,1,True
ESPRESSO_chrX_31592_11+chrX:77899582-77905258_F:1_P:1,Iso,Salk,True,[],analysed,1,True
ENST00000339077.10+chr7:23174719-23174811_F:0_P:18,dORF,Salk,True,[],analysed,1,False
ENST00000403458.9+chr16:67668642-67668728_F:2_P:12,dORF,Salk,True,[],analysed,1,True
ESPRESSO_chr16_10711_11+chr16:641952-648187_F:0_P:0,N-Iso,Salk,True,[],analysed,2,False
ENST00000271308.9-chr1:109399844-109399903_F:1_P:55,dORF,Salk,True,[],analysed,1,False
ENST00000398868.8-chr11:63626540-63626614_F:0_P:73,dORF,Salk,True,[],analysed,1,True
ENST00000623122.1+chr12:94461876-94461992_F:0_P:23,lncRNA,Salk,True,[],analysed,1,True
ENST00000470703.1+chr6:30560827-30560865_F:1_P:11,iORF,Salk,True,[],analysed,1,False
ENST00000528029.1-chr11:65086890-65086982_F:2_P:20,iORF,Salk,True,[],analysed,1,True
ENST00000340592.10+chr5:153795535-153802371_F:0_P:41,iORF,Salk,True,[],analysed,1,False
ENST00000624878.1-chr12:123088118-123088255_F:1_P:55,eORF,Salk,True,[],analysed,1,True
ENST00000426367.1-chrX:123959263-123961210_F:1_P:2,lncRNA,Salk,True,[],analysed,1,True
ENST00000481038.5-chr20:5585258-5585368_F:1_P:20,iORF,Salk,True,[],analysed,1,False
ENST00000310528.9+chr13:52696576-52696737_F:0_P:211,dORF,Salk,True,[],analysed,1,True
ENST00000454402.7+chr12:118032145-118032177_F:1_P:38,dORF,Salk,True,[],analysed,1,False
ENST00000660794.1+chr21:16644840-16644908_F:1_P:109,lncRNA,Salk,True,[],analysed,1,False
ENST00000358303.9-chr7:130051257-130051322_F:2_P:2,uaoORF,Salk,True,[],analysed,1,False
ENST00000520547.4+chr10:79515505-79515546_F:1_P:55,dORF,Salk,True,[],analysed,1,False
ENST00000533477.1+chr8:7419497-7419832_F:2_P:18,psORF,Salk,True,[],analysed,1,True
ENST00000252329.3-chr7:1570874-1570912_F:1_P:2,uORF,Salk,True,[],analysed,1,True
ENST00000307637.5-chr12:8058055-8058096_F:1_P:36,dORF,Salk,True,[],analysed,1,True
ENST00000643898.2-chr6:24873647-24873685_F:1_P:10,iORF,Salk,True,[],analysed,1,True
ENST00000558362.5-chr15:45377977-45378000_F:0_P:2,uaORF,Salk,True,[],analysed,1,True
ESPRESSO_chr5_24176_29-chr5:134157736-134158529_F:2_P:0,Iso,Salk,True,[],analysed,1,False
ENST00000304218.6+chr6:26156753-26156971_F:2_P:4,iORF,Salk,True,[],analysed,2,True
ESPRESSO_chr2_16163_14+chr2:74460786-74460884_F:2_P:13,dORF,Salk,True,[],analysed,1,True
ENST00000589060.1+chr19:44095759-44095866_F:1_P:20,Iso,Salk,True,[],analysed,1,True
ENST00000238738.9+chr2:46584573-46584686_F:0_P:67,dORF,Salk,True,[],analysed,1,True
ENST00000689186.1+chr6:33300804-33300908_F:0_P:17,lncRNA,Salk,True,[],analysed,1,True
ESPRESSO_chr8_28348_11-chr8:15140342-15140476_F:0_P:113,eORF,Salk,True,[],analysed,1,False
ENST00000426342.7-chr14:46840752-46840874_F:2_P:24,dORF,Salk,True,[],analysed,1,True
ENST00000690783.1+chr12:45992656-45992745_F:1_P:23,lncRNA,Salk,True,[],analysed,1,True
ENST00000676582.1-chr20:31722770-31723021_F:1_P:6,uORF,Salk,True,[],analysed,1,True
ENST00000366756.4-chr6:170283010-170283090_F:0_P:28,iORF,Salk,True,[],analysed,1,True
ENST00000683442.1+chr1:28529890-28531881_F:0_P:7,iORF,Salk,True,[],analysed,1,True
ENST00000609071.1-chr4:99067527-99067706_F:2_P:6,lncRNA,Salk,True,[],analysed,1,True
ESPRESSO_chr6_26310_2+chr6:158128787-158128846_F:0_P:33,eORF,Salk,True,[],analysed,1,False
ENST00000381540.7-chr21:33589469-33589492_F:1_P:12,dORF,Salk,True,[],analysed,1,True
ENST00000380122.10+chrX:16842692-16842985_F:1_P:41,dORF,Salk,True,[],analysed,1,True
ENST00000612927.1+chr5:141355071-141355307_F:0_P:1,uoORF,Salk,True,[],analysed,3,False
ENST00000325897.5+chr8:61499917-61499997_F:2_P:30,dORF,Salk,True,[],analysed,1,False
ENST00000553458.6-chr14:74057607-74057651_F:1_P:72,dORF,Salk,True,[],analysed,1,False
ENST00000617246.5+chr3:188886575-188886670_F:0_P:251,dORF,Salk,True,[],analysed,1,True
ENST00000682777.1+chr10:27533018-27533065_F:2_P:18,iORF,Salk,True,[],analysed,1,False
ENST00000460536.1+chr1:43445475-43445648_F:0_P:5,iORF,Salk,True,[],analysed,1,True
ENST00000423027.8+chr18:11884502-11884732_F:0_P:52,dORF,Salk,True,[],analysed,1,True
ENST00000624945.1-chr22:30023555-30023779_F:1_P:59,lncRNA,Salk,True,[],analysed,1,True
ENST00000272937.10-chr2:238239937-238240038_F:0_P:0,uaORF,Salk,True,[],analysed,1,True
ENST00000328599.4+chr8:124452399-124452455_F:0_P:24,dORF,Salk,True,[],analysed,1,False
ESPRESSO_chr14_9183_2-chr14:70855840-70855938_F:0_P:6,eORF,Salk,True,[],analysed,1,False
ENST00000394563.4-chrX:86086134-86086337_F:2_P:0,psORF,Salk,True,[],analysed,1,True
ENST00000344823.9+chr16:3402087-3402272_F:0_P:14,iORF,Salk,True,[],analysed,1,True
ENST00000597346.1-chr11:2621896-2621985_F:0_P:1220,lncRNA,Salk,True,[],analysed,1,False
ENST00000286548.9-chr9:77718960-77719136_F:0_P:69,dORF,Salk,True,[],analysed,2,True
ESPRESSO_chr9_29545_50-chr9:8485944-8486192_F:2_P:23,iORF,Salk,True,[],analysed,1,True
ENST00000376362.1-chr9:83748994-83749047_F:0_P:3,iORF,Salk,True,[],analysed,1,True
ESPRESSO_chr2_16041_12-chr2:63707638-63707709_F:1_P:44,eORF,Salk,True,[],analysed,1,False
ENST00000395530.6+chr17:20314621-20314800_F:1_P:6,dORF,Salk,True,[],analysed,2,True
ENST00000343267.8-chr3:195579352-195583940_F:2_P:0,uoORF,Salk,True,[],analysed,1,True
ENST00000378119.9-chr6:24705404-24705592_F:2_P:29,dORF,Salk,True,[],analysed,1,True
ENST00000420283.3-chr6:116253407-116253544_F:1_P:4,iORF,Salk,True,[],analysed,1,True
ENST00000356864.4+chr8:23117032-23117445_F:2_P:2,dORF,Salk,True,[],analysed,1,True
ENST00000302475.9-chr5:113025028-113025270_F:0_P:36,dORF,Salk,True,[],analysed,1,True
ENST00000261692.7-chr12:123267219-123271856_F:2_P:0,uoORF,Salk,True,[],analysed,1,True
ENST00000506637.2-chr4:80386852-80387046_F:0_P:12,psORF,Salk,True,[],untestable_no_peptide,0,
ENST00000508009.6-chr17:49407700-49407840_F:0_P:31,iORF,Salk,True,[],analysed,1,True
ESPRESSO_chr3_21246_23-chr3:171082325-171082369_F:0_P:9,iORF,Salk,True,[],analysed,1,False
ENST00000692173.1-chr6:27357322-27357360_F:2_P:64,lncRNA,Salk,True,[],analysed,1,False
ENST00000621575.1+chr13:33849717-33849908_F:0_P:46,lncRNA,Salk,True,[],analysed,1,True
ESPRESSO_chr19_14995_8+chr19:45067453-45067548_F:1_P:1,iORF,Salk,True,[],analysed,1,True
ENST00000628769.1-chr9:69462552-69462572_F:2_P:37,iORF,Salk,True,[],analysed,1,False
ENST00000398805.8+chr9:112471079-112471117_F:2_P:16,dORF,Salk,True,[],analysed,1,False
ENST00000367142.5-chr1:205715800-205715823_F:2_P:80,dORF,Salk,True,[],analysed,1,True
ENST00000575842.5-chr17:81512522-81512779_F:1_P:0,uORF,Salk,True,[],analysed,2,True
ENST00000265433.8-chr8:89982793-89982834_F:1_P:1,uaoORF,Salk,True,[],analysed,1,True
ENST00000565747.5+chr16:23453132-23455551_F:2_P:1,lncRNA,Salk,True,[],analysed,1,True
ENST00000316594.6+chrX:101408223-101411952_F:0_P:0,uoORF,Salk,True,[],analysed,1,True
ENST00000304056.9-chr7:32868431-32868469_F:2_P:84,dORF,Salk,True,[],analysed,1,False
ENST00000312493.5-chr15:77112365-77112391_F:2_P:37,dORF,Salk,True,[],analysed,1,True
ENST00000555208.1+chr14:77329422-77329496_F:0_P:11,iORF,Salk,True,[],analysed,1,True
ENST00000341426.9-chr1:1752467-1752559_F:2_P:19,dORF,Salk,True,[],analysed,1,False
ENST00000264027.9+chr11:121308808-121308885_F:0_P:57,dORF,Salk,True,[],analysed,1,False
ESPRESSO_chr9_30595_51+chr9:128254777-128254821_F:2_P:3,dORF,Salk,True,[],analysed,1,False
ESPRESSO_chr17_13006_4-chr17:64145972-64146100_F:0_P:3,eORF,Salk,True,[],analysed,1,False
ENST00000672188.1-chr18:26856127-26856210_F:2_P:1,Iso,Salk,True,[],analysed,1,False
ENST00000624060.2-chr1:183471792-183471944_F:2_P:3,lncRNA,Salk,True,[],analysed,1,True
ENST00000539002.5-chr4:139300665-139300724_F:2_P:10,uORF,Salk,True,[],analysed,1,True
ENST00000559940.1-chr15:78285841-78285876_F:0_P:24,iORF,Salk,True,[],analysed,1,True
ENST00000606261.1+chr7:26185837-26185896_F:1_P:60,dORF,Salk,True,[],analysed,1,False
ENST00000331830.7+chr1:205077947-205078042_F:2_P:87,dORF,Salk,True,[],analysed,1,False
ENST00000677553.1-chr5:138555482-138555514_F:1_P:18,dORF,Salk,True,[],analysed,1,False
ENST00000626826.1+chr12:102331236-102331361_F:0_P:2558,lncRNA,Salk,True,[],analysed,1,True
ESPRESSO_chr18_13492_9+chr18:15479057-15479218_F:0_P:43,eORF,Salk,True,[],analysed,1,True
ENST00000005386.8-chr12:47662667-47662699_F:1_P:65,dORF,Salk,True,[],analysed,1,False
ENST00000255977.7-chr7:140453132-140453212_F:1_P:66,dORF,Salk,True,[],analysed,1,False
ENST00000460848.5+chr10:133399195-133401573_F:2_P:8,doORF,Salk,True,[],analysed,1,False
ENST00000534600.5+chr11:43336116-43336142_F:2_P:40,daORF,Salk,True,[],analysed,1,False
ESPRESSO_chr4_21551_10-chr4:2010872-2011009_F:1_P:11,eORF,Salk,True,[],analysed,1,False
ENST00000453386.7-chr3:185914848-185914913_F:0_P:88,dORF,Salk,True,[],analysed,1,True
ENST00000286201.3+chr2:202033997-202034230_F:2_P:1,uORF,Salk,True,[],analysed,1,True
ENST00000346234.7+chr9:75088515-75088574_F:0_P:0,uORF,Salk,True,[],analysed,1,False
ENST00000371443.6+chr9:137552496-137552555_F:1_P:1,dORF,Salk,True,[],analysed,1,True
ENST00000262160.11-chr18:47818431-47818682_F:1_P:489,dORF,Salk,True,[],analysed,1,False
ENST00000329271.8+chr5:149352398-149352454_F:1_P:39,dORF,Salk,True,[],analysed,1,False
ENST00000595146.1+chr19:58210846-58210878_F:1_P:39,iORF,Salk,True,[],analysed,1,True
ENST00000616342.1-chr11:6611773-6611871_F:0_P:2,iORF,Salk,True,[],analysed,1,True
ENST00000270517.12-chr19:11519193-11529132_F:0_P:0,uORF,Salk,True,[],analysed,1,True
ESPRESSO_chr1_606_15-chr1:32334396-32334596_F:2_P:2,dORF,Salk,True,[],analysed,1,True
ESPRESSO_chr7_27792_1+chr7:139341354-139345701_F:0_P:0,N-Iso,Salk,True,[],analysed,2,True
ENST00000266604.7-chr12:66120637-66120744_F:0_P:66,dORF,Salk,True,[],analysed,1,True
ENST00000338148.8+chr2:99198027-99198053_F:1_P:52,dORF,Salk,True,[],analysed,1,False
ENST00000407106.5+chr15:80186605-80186703_F:2_P:16,dORF,Salk,True,[],analysed,1,True
ENST00000291572.13+chr21:43982508-43982705_F:1_P:18,dORF,Salk,True,[],analysed,1,True
ENST00000260453.4-chr15:56428805-56428828_F:2_P:53,dORF,Salk,True,[],analysed,1,False
ENST00000467889.3-chr15:68191064-68191108_F:2_P:63,dORF,Salk,True,[],analysed,1,False
ENST00000605123.1+chr5:155492314-155492451_F:1_P:7,psORF,Salk,True,[],analysed,2,False
ENST00000678499.1+chr2:169633207-169636188_F:1_P:13,daoORF,Salk,True,[],analysed,2,False
ENST00000475919.1+chr1:45568614-45568781_F:0_P:0,Iso,Salk,True,[],analysed,1,True
ENST00000356928.2-chrX:143624690-143624800_F:2_P:145,dORF,Salk,True,[],analysed,1,True
ENST00000620145.5+chr22:26670578-26670601_F:1_P:48,lncRNA,Salk,True,[],analysed,1,False
ENST00000216962.9+chr20:25297427-25297825_F:0_P:37,dORF,Salk,True,[],analysed,1,True
ENST00000318469.2+chr5:58495027-58495056_F:1_P:9,dORF,Salk,True,[],analysed,1,False
ENST00000457501.1+chr13:84520502-84520594_F:2_P:11,psORF,Salk,True,[],analysed,1,False
ENST00000585910.5+chr19:36120547-36120678_F:1_P:2,iORF,Salk,True,[],analysed,1,False
ENST00000623157.1-chr1:87806775-87806888_F:2_P:27,lncRNA,Salk,True,[],analysed,1,True
ENST00000417669.6+chr22:43505617-43505691_F:2_P:2,dORF,Salk,True,[],analysed,1,True
ENST00000614874.2+chr12:12717368-12717622_F:2_P:0,uORF,Salk,True,[],analysed,1,True
ENST00000428976.1+chr1:44958823-44958897_F:1_P:7,psORF,Salk,True,[],analysed,1,False
ENST00000485265.2+chr3:41236349-41236504_F:2_P:64,Iso,Salk,True,[],analysed,1,True
ENST00000305943.9+chr1:228494686-228494880_F:0_P:12,dORF,Salk,True,[],analysed,1,True
ENST00000466830.6+chr3:28322384-28322494_F:1_P:71,dORF,Salk,True,[],analysed,1,True
ENST00000684763.1+chr1:236762882-236763046_F:0_P:27,dORF,Salk,True,[],analysed,2,True
ENST00000690414.1+chr2:71420278-71420298_F:1_P:7,lncRNA,Salk,True,[],analysed,1,False
ENST00000623820.1-chr4:186191409-186191489_F:2_P:0,eORF,Salk,True,[],analysed,1,False
ENST00000299705.10+chr15:79311113-79311394_F:2_P:0,uoORF,Salk,True,[],analysed,1,True
ENST00000472558.6-chr12:6538999-6539115_F:0_P:30,dORF,Salk,True,[],analysed,1,True
ENST00000371132.8+chr20:58668108-58670514_F:1_P:12,daoORF,Salk,True,[],analysed,1,True
ENST00000526991.3+chr18:11852808-11852873_F:0_P:10,dORF,Salk,True,[],analysed,1,False
ENST00000612566.1-chr15:52017627-52017674_F:2_P:6,lncRNA,Salk,True,[],analysed,1,False
ENST00000263863.9+chr2:85695996-85696043_F:0_P:7,iORF,Salk,True,[],analysed,1,False
ENST00000308159.10+chr16:56845164-56845217_F:0_P:68,dORF,Salk,True,[],analysed,1,False
ENST00000608195.1+chr7:30425348-30425410_F:2_P:11,lncRNA,Salk,True,[],analysed,1,True
ENST00000305123.6-chr2:226799207-226799644_F:1_P:2,uORF,Salk,True,[],analysed,3,True
ENST00000697423.1+chr17:80544893-80545042_F:2_P:2,uORF,Salk,True,[],analysed,1,True
ENST00000632372.3+chrX:124335767-124335868_F:2_P:39,dORF,Salk,True,[],analysed,1,True
ENST00000349792.9+chr1:151242561-151247944_F:0_P:21,daoORF,Salk,True,[],analysed,2,True
ENST00000693507.1+chr11:112290226-112290462_F:1_P:0,lncRNA,Salk,True,[],analysed,1,True
ENST00000621835.4+chr19:4494445-4498342_F:1_P:17,daoORF,Salk,True,[],analysed,2,True
ENST00000311008.16+chr16:28984444-28984518_F:0_P:4,daoORF,Salk,True,[],analysed,1,True
ENST00000573500.5+chr17:55751094-55767348_F:0_P:0,uoORF,Salk,True,[],analysed,1,True
ENST00000642456.1-chr7:6003712-6003747_F:2_P:11,uaoORF,Salk,True,[],analysed,1,True
ENST00000585362.7+chr19:1104658-1105418_F:1_P:1,uaoORF,Salk,True,[],analysed,2,True
ESPRESSO_chr5_23708_9+chr5:72848141-72848224_F:2_P:0,uaORF,Salk,True,[],analysed,1,True
ESPRESSO_chr1_712_57+chr1:39427557-39428100_F:2_P:24,iORF,Salk,True,[],analysed,1,True
ENST00000690231.1-chr6:43052724-43053880_F:1_P:1,uoORF,Salk,True,[],analysed,1,False
ENST00000472301.5+chr3:49005546-49005845_F:2_P:7,iORF,Salk,True,[],analysed,1,False
ENST00000370298.9+chr1:93137365-93137388_F:1_P:34,dORF,Salk,True,[],analysed,1,False
ENST00000562952.1-chr1:110940243-110940263_F:2_P:53,lncRNA,Salk,True,[],analysed,1,False
ESPRESSO_chr1_170_8+chr1:9553703-9553762_F:2_P:4,iORF,Salk,True,[],analysed,1,False
ENST00000684908.1+chr15:89400911-89400988_F:2_P:7,lncRNA,Salk,True,[],analysed,1,False
ENST00000300107.7-chr15:65150697-65150765_F:1_P:3,dORF,Salk,True,[],analysed,1,False
ENST00000638919.1-chr19:23274139-23274159_F:0_P:1,uORF,Salk,True,[],analysed,1,True
ENST00000424316.1-chrX:116106921-116107256_F:2_P:27,psORF,Salk,True,[],analysed,1,True
ENST00000262150.7-chr18:66503372-66503443_F:1_P:30,dORF,Salk,True,[],analysed,1,False
ENST00000282018.4+chr13:48707975-48708037_F:2_P:14,dORF,Salk,True,[],analysed,1,False
ENST00000366956.10-chr1:214353515-214353607_F:1_P:68,dORF,Salk,True,[],analysed,1,True
ENST00000283928.10-chr7:27832078-27832146_F:0_P:27,dORF,Salk,True,[],analysed,1,False
ENST00000699328.1-chr2:177234235-177234258_F:0_P:20,iORF,Salk,True,[],analysed,1,False
ESPRESSO_chr3_21295_24-chr3:179571541-179571684_F:1_P:17,eORF,Salk,True,[],analysed,1,False
ENST00000379151.9+chr13:45029880-45029927_F:0_P:54,dORF,Salk,True,[],analysed,1,False
ENST00000286201.3+chr2:202033856-202033993_F:2_P:0,uORF,Salk,True,[],analysed,1,True
ESPRESSO_chr10_4228_17+chr10:115945468-115945617_F:2_P:24,dORF,Salk,True,[],analysed,1,True
ENST00000261558.8+chr14:57296588-57296623_F:1_P:237,dORF,Salk,True,[],analysed,1,False
ENST00000403290.6+chr11:13366675-13366770_F:1_P:19,daoORF,Salk,True,[],analysed,1,True
ENST00000367094.6+chr6:158452234-158461635_F:2_P:35,iORF,Salk,True,[],analysed,1,True
ENST00000492302.1+chr1:20638812-20639015_F:0_P:15,iORF,Salk,True,[],analysed,1,True
ENST00000421422.1-chr20:41180243-41180275_F:2_P:89,dORF,Salk,True,[],analysed,1,False
ENST00000331366.10-chr12:38652217-38652246_F:1_P:31,dORF,Salk,True,[],analysed,1,False
ENST00000523674.2-chr8:108201566-108201679_F:0_P:49,daORF,Salk,True,[],analysed,1,False
ENST00000502851.1+chr5:94567757-94567936_F:2_P:3,psORF,Salk,True,[],analysed,1,True
ENST00000606125.1-chr6:57913056-57913172_F:2_P:11,lncRNA,Salk,True,[],analysed,1,True
ESPRESSO_chr1_2776_16-chr1:227145709-227147431_F:1_P:36,iORF,Salk,True,[],analysed,2,True
ESPRESSO_chr3_20611_205-chr3:91133207-91133443_F:1_P:10,eORF,Salk,True,[],analysed,2,True
ENST00000605844.6+chr17:35846991-35847050_F:1_P:6,daORF,Salk,True,[],analysed,1,True
ENST00000302418.5-chr10:32010931-32010981_F:1_P:14,dORF,Salk,True,[],analysed,1,False
ENST00000675954.1+chr6:109775539-109775568_F:1_P:35,iORF,Salk,True,[],analysed,1,False
ENST00000380062.10+chr9:27044746-27047280_F:2_P:34,daoORF,Salk,True,[],analysed,1,False
ENST00000623535.2+chrX:18630710-18630745_F:1_P:125,daORF,Salk,True,[],analysed,1,True
ENST00000368046.8-chr1:160684947-160685069_F:1_P:6,iORF,Salk,True,[],analysed,1,True
ENST00000299204.6-chr14:103558709-103558870_F:2_P:52,dORF,Salk,True,[],analysed,1,True
ENST00000328459.11-chr14:90529872-90529958_F:1_P:121,dORF,Salk,True,[],analysed,1,True
ENST00000467356.5-chr10:63167222-63167326_F:0_P:33,dORF,Salk,True,[],analysed,1,True
ENST00000357277.8+chrX:16946658-16946777_F:0_P:0,uORF,Salk,True,[],analysed,1,True
ENST00000371979.7+chrX:111688580-111688630_F:2_P:24,daORF,Salk,True,[],analysed,1,True
ENST00000531120.6+chr11:32604086-32604115_F:0_P:40,dORF,Salk,True,[],analysed,1,True
ENST00000496455.7+chr3:155942059-155942214_F:1_P:138,dORF,Salk,True,[],analysed,1,False
ENST00000292782.9-chr3:182940312-182940374_F:1_P:114,dORF,Salk,True,[],analysed,1,False
ESPRESSO_chr2_16946_28+chr2:135724694-135724879_F:2_P:31,dORF,Salk,True,[],analysed,1,True
ENST00000679454.1-chr2:24918725-24918877_F:1_P:4,iORF,Salk,True,[],analysed,1,True
ENST00000497279.5+chr7:55999215-55999376_F:2_P:49,dORF,Salk,True,[],analysed,1,True
ENST00000265909.9-chr11:130873194-130873235_F:2_P:146,dORF,Salk,True,[],analysed,1,True
ENST00000013070.11+chr14:93227455-93227622_F:0_P:54,dORF,Salk,True,[],analysed,1,True
ENST00000367590.9+chr1:180887988-180888038_F:0_P:91,dORF,Salk,True,[],analysed,1,True
ENST00000360689.9+chr14:65743416-65743523_F:1_P:45,dORF,Salk,True,[],analysed,1,True
ENST00000297142.4-chr7:31338829-31338891_F:1_P:11,iORF,Salk,True,[],analysed,1,True
ENST00000338154.11-chrX:53938797-53938907_F:0_P:52,daORF,Salk,True,[],analysed,1,True
ENST00000381800.4-chr12:12356158-12356214_F:2_P:13,lncRNA,Salk,True,[],analysed,2,True
ENST00000302190.9+chr8:96493915-96494145_F:1_P:2,uORF,Salk,True,[],analysed,2,True
ENST00000366777.4+chr1:226940295-226940369_F:0_P:0,uORF,Salk,True,[],analysed,1,True
ESPRESSO_chr1_840_5+chr1:46303753-46316581_F:1_P:2,N-Iso,Salk,True,[],analysed,1,True
ENST00000369124.5+chr1:150150085-150150258_F:1_P:1,uoORF,Salk,True,[],analysed,1,True
ENST00000409120.5-chr2:63440152-63440208_F:0_P:69,uaORF,Salk,True,[],analysed,1,False
ENST00000331581.11-chr11:115169438-115169503_F:1_P:130,dORF,Salk,True,[],analysed,1,True
ENST00000262124.15+chr18:12985523-12985579_F:2_P:5,daORF,Salk,True,[],analysed,1,False
ENST00000681457.1-chr20:58993501-58993737_F:0_P:57,daORF,Salk,True,[],analysed,1,True
ENST00000690490.2+chr11:123062598-123062771_F:0_P:0,lncRNA,Salk,True,[],analysed,1,True
ESPRESSO_chr3_20776_21+chr3:116556021-116556224_F:0_P:25,lncRNA,Salk,True,[],analysed,1,True
ENST00000618691.5-chr12:76046592-76046708_F:0_P:57,dORF,Salk,True,[],analysed,1,True
ESPRESSO_chr10_3703_8-chr10:67796691-67796720_F:1_P:27,dORF,Salk,True,[],analysed,1,False
ENST00000298552.9-chr9:132892467-132892775_F:2_P:58,dORF,Salk,True,[],analysed,2,True
ENST00000343702.9-chr12:95683639-95710478_F:1_P:23,iORF,Salk,True,[],analysed,1,True
ENST00000261366.10+chr5:126777631-126777726_F:1_P:1,iORF,Salk,True,[],analysed,1,True
ENST00000395810.6-chr10:43203305-43203364_F:2_P:3,iORF,Salk,True,[],analysed,2,False
ENST00000301149.8+chr12:50105637-50105684_F:0_P:7,daoORF,Salk,True,[],analysed,1,False
ENST00000262644.9-chr8:56993623-56993688_F:0_P:2,uORF,Salk,True,[],analysed,1,True
ENST00000587762.2-chr19:13828637-13828705_F:1_P:136,lncRNA,Salk,True,[],analysed,1,False
ENST00000565271.1+chr17:76673410-76673460_F:1_P:14,lncRNA,Salk,True,[],analysed,1,False
ENST00000372231.7-chr10:80152679-80152771_F:1_P:34,dORF,Salk,True,[],analysed,1,True
ENST00000661377.2+chr5:88285149-88285247_F:0_P:74,lncRNA,Salk,True,[],analysed,1,False
ENST00000358771.5+chr20:1922596-1922643_F:2_P:11,iORF,Salk,True,[],analysed,1,False
ENST00000263645.10+chr11:2377312-2390455_F:1_P:0,uoORF,Salk,True,[],analysed,1,True
ENST00000341567.8+chr7:66921227-66942002_F:2_P:0,uoORF,Salk,True,[],analysed,5,True
ENST00000391864.7+chr19:49114326-49114864_F:0_P:0,uoORF,Salk,True,[],analysed,1,True
ENST00000608477.1-chr7:128530798-128531067_F:0_P:0,lncRNA,Salk,True,[],analysed,1,True
ENST00000243878.9-chr16:67666384-67666749_F:0_P:0,uoORF,Salk,True,[],analysed,2,True
ESPRESSO_chr11_5294_5-chr11:61877557-61878821_F:2_P:3,iORF,Salk,True,[],analysed,1,True
ENST00000625457.1+chr9:128250804-128253119_F:0_P:0,Iso,Salk,True,[],analysed,1,False
ENST00000340545.9-chr15:37100983-37101084_F:0_P:6,uORF,Salk,True,[],analysed,1,True
ENST00000581208.2-chr17:57979169-57979288_F:2_P:20,iORF,Salk,True,[],analysed,1,False
ENST00000602396.1+chr14:71220807-71220926_F:0_P:28,lncRNA,Salk,True,[],analysed,1,True
ENST00000258962.5-chr17:58002509-58002715_F:2_P:75,dORF,Salk,True,[],analysed,1,True
ENST00000685514.1+chr11:46846411-46846676_F:1_P:0,lncRNA,Salk,True,[],analysed,1,True
ENST00000468148.6-chr6:57222018-57222140_F:2_P:2,uORF,Salk,True,[],analysed,1,True
ENST00000590889.5-chr19:37266968-37268982_F:0_P:0,lncRNA,Salk,True,[],analysed,1,True
ENST00000323456.9-chr17:58496190-58496237_F:0_P:42,iORF,Salk,True,[],analysed,1,False
ENST00000375774.3+chr13:110715298-110715363_F:1_P:3,uaORF,Salk,True,[],analysed,1,False
ENST00000544017.5+chr19:39490461-39490616_F:0_P:18,dORF,Salk,True,[],analysed,1,True
ENST00000618966.1+chr13:109270915-109271049_F:1_P:18,lncRNA,Salk,True,[],analysed,1,False
ENST00000225916.10-chr17:42117751-42119397_F:0_P:18,daoORF,Salk,True,[],analysed,1,True
ENST00000357460.7-chr14:23277181-23286130_F:1_P:0,uaoORF,Salk,True,[],analysed,1,True
ENST00000373489.10+chr9:125747375-125748603_F:2_P:0,uoORF,Salk,True,[],analysed,1,True
ENST00000323853.10-chr2:96289336-96289913_F:2_P:73,iORF,Salk,True,[],analysed,1,True
ENST00000465640.1+chrX:154441767-154441901_F:0_P:0,iORF,Salk,True,[],analysed,1,False
ENST00000546132.2+chr12:123255538-123255906_F:1_P:17,daORF,Salk,True,[],analysed,1,True
ENST00000304611.13-chr6:42978678-42978920_F:2_P:1,iORF,Salk,True,[],analysed,3,True
ENST00000624919.1+chr22:44143382-44143528_F:2_P:39,lncRNA,Salk,True,[],analysed,1,True
ENST00000321870.3+chr8:64580997-64581131_F:0_P:2,iORF,Salk,True,[],analysed,1,True
ESPRESSO_chr16_11471_5+chr16:56608585-56609351_F:1_P:0,N-Iso,Salk,True,[],analysed,1,True
ESPRESSO_chr16_11471_13+chr16:56608585-56609351_F:1_P:0,N-Iso,Salk,True,[],analysed,2,True
ENST00000604200.2-chr6:163413613-163413960_F:0_P:0,lncRNA,Salk,True,[],analysed,1,True
ENST00000619918.1-chr22:18610989-18611213_F:2_P:3,iORF,Salk,True,[],analysed,3,True
ESPRESSO_chr2_16433_45+chr2:95402816-95405315_F:2_P:1,uORF,Salk,True,[],analysed,2,True
ENST00000607520.1+chr15:82756446-82756526_F:0_P:90,lncRNA,Salk,True,[],analysed,1,True
ESPRESSO_chr1_348_44-chr1:19657531-19657572_F:0_P:2,eORF,Salk,True,[],analysed,1,False
ENST00000346249.9+chr20:63875863-63882816_F:2_P:6,iORF,Salk,True,[],analysed,1,True
ENST00000518297.6+chr5:154755693-154755830_F:0_P:4,uaoORF,Salk,True,[],analysed,1,True
ENST00000635932.1-chr17:7915329-7915538_F:2_P:1,daoORF,Salk,True,[],analysed,1,True
ESPRESSO_chr14_8854_29+chr14:31025694-31025756_F:0_P:1,uORF,Salk,True,[],analysed,1,True
ENST00000325167.9+chr17:80991927-80995682_F:0_P:1,uaoORF,Salk,True,[],analysed,1,True
ENST00000447459.7-chr16:27788661-27788882_F:2_P:14,dORF,Salk,True,[],analysed,1,True
ENST00000447036.5+chr2:95402838-95405349_F:0_P:1,uORF,Salk,True,[],analysed,1,True
ESPRESSO_chr3_19972_0-chr3:2097756-2097860_F:1_P:2,lncRNA,Salk,True,[],analysed,1,True
ESPRESSO_chr7_27792_31+chr7:139340449-139345701_F:1_P:0,N-Iso,Salk,True,[],analysed,1,True
ESPRESSO_chr20_18109_27+chr20:25295638-25296519_F:1_P:0,Iso,Salk,True,[],analysed,1,False
ENST00000212015.11+chr10:67884658-67884894_F:1_P:0,uoORF,Salk,True,[],analysed,1,True
ESPRESSO_chr3_20214_3+chr3:40309879-40312011_F:1_P:1,N-Iso,Salk,True,[],analysed,1,False
ENST00000361264.9-chr9:34125180-34126411_F:1_P:1,iORF,Salk,True,[],analysed,4,False
ENST00000616140.2-chr8:144401260-144401656_F:0_P:1,iORF,Salk,True,[],analysed,1,True
ESPRESSO_chr12_7557_33-chr12:121453182-121453268_F:2_P:0,uaoORF,Salk,True,[],analysed,1,False
ENST00000589161.1+chr19:1261845-1262132_F:0_P:1,iORF,Salk,True,[],analysed,1,True
ENST00000307892.13+chr16:69462882-69462932_F:2_P:14,dORF,Salk,True,[],analysed,1,False
ENST00000291295.14+chr19:46608585-46608916_F:1_P:10,daoORF,Salk,True,[],analysed,1,True
ENST00000461143.1-chr7:83134536-83134610_F:2_P:0,iORF,Salk,True,[],analysed,1,True
ENST00000228136.9+chr11:16757136-16757177_F:0_P:43,dORF,Salk,True,[],analysed,1,True
ENST00000524578.6+chr9:131187008-131187034_F:2_P:50,iORF,Salk,True,[],analysed,1,False
ENST00000490807.5+chr1:232978682-232978750_F:0_P:17,dORF,Salk,True,[],analysed,1,False
ENST00000374583.1-chrX:69162415-69162585_F:0_P:28,iORF,Salk,True,[],analysed,1,False
ENST00000559834.1-chr15:90932346-90932522_F:2_P:0,Iso,Salk,True,[],analysed,1,False
ESPRESSO_chr19_14108_45+chr19:5684892-5685358_F:2_P:2,N-Iso,Salk,True,[],analysed,1,False
ENST00000622945.1+chr1:49994319-49994381_F:0_P:0,eORF,Salk,True,[],analysed,1,False
ENST00000579200.1+chr18:75062081-75062110_F:2_P:8,iORF,Salk,True,[],analysed,1,False
ENST00000328631.10-chr3:48695291-48717220_F:1_P:0,uoORF,Salk,True,[],analysed,1,True
ENST00000367876.9+chr1:166839549-166841075_F:0_P:1,uoORF,Salk,True,[],analysed,1,True
ENST00000354421.8+chr11:93763874-93763918_F:2_P:74,dORF,Salk,True,[],analysed,1,True
ENST00000333538.10+chr7:71388388-71415991_F:0_P:10,iORF,Salk,True,[],analysed,1,True
ENST00000624863.1-chr19:21967919-21967999_F:1_P:11,daORF,Salk,True,[],analysed,1,True
ENST00000216743.6+chr14:32154653-32154688_F:2_P:11,daoORF,Salk,True,[],analysed,1,False
ENST00000535829.6+chr12:8775624-8775725_F:1_P:45,daORF,Salk,True,[],analysed,1,True
ENST00000296582.8+chr4:147636345-147636440_F:1_P:67,daORF,Salk,True,[],analysed,1,True
ESPRESSO_chr22_19694_2+chr22:36487483-36487536_F:1_P:6,eORF,Salk,True,[],analysed,1,True
ENST00000660425.1-chr8:103165170-103165313_F:1_P:21,lncRNA,Salk,True,[],analysed,2,False
ENST00000261205.9+chr12:78864824-78864910_F:2_P:1,uORF,Salk,True,[],analysed,1,True
ENST00000295225.10+chr2:95310362-95310463_F:1_P:2,iORF,Salk,True,[],analysed,1,True
ENST00000254799.11-chr4:70817123-70817248_F:0_P:113,dORF,Salk,True,[],analysed,1,True
ESPRESSO_chr10_3670_26-chr10:60084633-60084668_F:2_P:3,daoORF,Salk,True,[],analysed,1,False
ENST00000475115.4-chr2:144523671-144524543_F:2_P:3,lncRNA,Salk,True,[],analysed,1,True
ENST00000624514.1-chr17:18109228-18109419_F:0_P:15,eORF,Salk,True,[],analysed,1,True
ENST00000548445.1-chr12:48858133-48858228_F:0_P:10,iORF,Salk,True,[],analysed,1,False
ENST00000261601.8+chr18:211722-211769_F:1_P:46,dORF,Salk,True,[],analysed,1,True
ENST00000465681.1-chr7:1025148-1025222_F:2_P:23,iORF,Salk,True,[],analysed,1,True
ESPRESSO_chr2_17490_13-chr2:215383432-215383476_F:1_P:7,iORF,Salk,True,[],analysed,1,False
ENST00000678544.1+chr9:131085594-131087585_F:1_P:18,iORF,Salk,True,[],analysed,1,False
ENST00000651417.2+chr5:178034144-178034212_F:2_P:31,lncRNA,Salk,True,[],analysed,1,False
ENST00000432563.1-chr20:41997134-41997430_F:1_P:27,psORF,Salk,True,[],analysed,1,True
ENST00000616464.1+chr2:155269693-155269896_F:1_P:0,psORF,Salk,True,[],analysed,4,False
ENST00000685964.1-chrX:107065714-107065761_F:1_P:76,daoORF,Salk,True,[],analysed,1,False
ESPRESSO_chr8_28491_14-chr8:29176132-29177468_F:1_P:21,daoORF,Salk,True,[],analysed,1,True
ENST00000320717.8+chr2:190880870-190880962_F:2_P:1,uORF,Salk,True,[],analysed,2,False
ENST00000356884.11-chr9:92764705-92764833_F:0_P:0,uoORF,Salk,True,[],analysed,2,True
ENST00000393896.6-chr17:41913896-41919021_F:0_P:0,uORF,Salk,True,[],analysed,1,True
ENST00000280684.4+chr12:4809334-4809381_F:1_P:0,uORF,Salk,True,[],analysed,3,False
ENST00000281017.8-chr2:664223-664294_F:0_P:89,dORF,Salk,True,[],analysed,1,False
ENST00000404104.7-chr4:139556470-139556601_F:0_P:2,uaORF,Salk,True,[],analysed,1,True
ENST00000470840.5+chr9:128371362-128389731_F:0_P:0,N-Iso,Salk,True,[],analysed,1,True
ESPRESSO_chr21_18972_9+chr21:31659798-31668575_F:0_P:2,Iso,Salk,True,[],analysed,1,True
ESPRESSO_chr19_14365_11-chr19:15118006-15122776_F:0_P:7,daoORF,Salk,True,[],analysed,1,True
ENST00000596027.1+chr19:6494525-6494974_F:2_P:4,lncRNA,Salk,True,[],analysed,1,True
ENST00000609399.2-chr10:14877738-14877893_F:2_P:6,lncRNA,Salk,True,[],analysed,1,True
ENST00000562029.5+chr16:89869571-89870120_F:1_P:22,iORF,Salk,True,[],analysed,1,False
ENST00000527771.5+chr15:80450910-80450945_F:0_P:3,iORF,Salk,True,[],analysed,1,True
ENST00000377199.4-chr6:28923535-28923984_F:0_P:0,uoORF,Salk,True,[],analysed,1,True
ENST00000356392.9-chr19:11421789-11423886_F:1_P:12,daoORF,Salk,True,[],analysed,1,True
ESPRESSO_chr6_25768_4+chr6:85998273-85998302_F:0_P:7,eORF,Salk,True,[],analysed,1,False
ENST00000261847.7-chr15:48989701-48989778_F:2_P:128,daORF,Salk,True,[],analysed,2,False
ENST00000366645.1-chr1:231335986-231336030_F:0_P:31,iORF,Salk,True,[],analysed,1,False
ESPRESSO_chr1_339_20-chr1:19145882-19145920_F:1_P:3,iORF,Salk,True,[],analysed,1,True
ENST00000618819.5-chr15:75464652-75464681_F:0_P:109,dORF,Salk,True,[],analysed,1,True
ENST00000588735.3-chr17:44905042-44905080_F:1_P:39,daORF,Salk,True,[],analysed,1,False
ENST00000320755.12-chr6:70216143-70216181_F:2_P:28,dORF,Salk,True,[],analysed,1,True
ENST00000396410.9+chr16:15037670-15037879_F:0_P:68,daORF,Salk,True,[],analysed,1,True
ENST00000480661.1-chr1:6199071-6199313_F:2_P:5,iORF,Salk,True,[],analysed,1,True
ENST00000495186.6+chrX:48528603-48528668_F:0_P:13,dORF,Salk,True,[],analysed,1,True
ENST00000527879.2+chr12:104304033-104304164_F:0_P:4,iORF,Salk,True,[],analysed,1,True
ENST00000470588.1-chr7:151240116-151240202_F:2_P:18,daoORF,Salk,True,[],analysed,1,True
ENST00000563192.2-chr16:2155379-2155405_F:1_P:0,lncRNA,Salk,True,[],analysed,1,False
ENST00000414354.3+chr3:197003853-197004510_F:1_P:1,lncRNA,Salk,True,[],analysed,1,True
ENST00000275884.10-chr7:140602472-140640774_F:0_P:0,uORF,Salk,True,[],analysed,1,True
ENST00000304056.9-chr7:32879925-32891760_F:0_P:0,uORF,Salk,True,[],analysed,1,True
ENST00000441545.7+chr9:34652185-34656789_F:1_P:0,daoORF,Salk,True,[],analysed,2,True
ENST00000538502.5-chr1:109393132-109393212_F:0_P:6,uaORF,Salk,True,[],analysed,1,False
ENST00000635206.3-chr4:24912848-24913033_F:1_P:1,uoORF,Salk,True,[],analysed,1,True
ENST00000257940.7+chr12:56123981-56124037_F:1_P:42,dORF,Salk,True,[],analysed,1,True
ENST00000610128.2+chr3:122887191-122887247_F:0_P:6,lncRNA,Salk,True,[],analysed,1,False
ENST00000445593.6+chr8:97775741-97775968_F:2_P:10,uaoORF,Salk,True,[],analysed,3,True
ENST00000499666.7-chr4:99878510-99878560_F:2_P:78,dORF,Salk,True,[],analysed,1,True
ESPRESSO_chr14_8980_20-chr14:49586357-49586533_F:0_P:2,uaORF,Salk,True,[],analysed,1,False
ENST00000377365.4-chr5:169862453-169862605_F:1_P:77,dORF,Salk,True,[],analysed,1,True
ENST00000436135.1+chr1:158524272-158524592_F:0_P:3,psORF,Salk,True,[],analysed,2,True
ENST00000681615.1-chr6:99402557-99402628_F:0_P:30,daoORF,Salk,True,[],analysed,1,True
ENST00000264436.9-chr2:70657725-70657775_F:0_P:118,dORF,Salk,True,[],analysed,1,True
ENST00000623125.1+chr4:147494526-147494579_F:0_P:136,eORF,Salk,True,[],analysed,1,True
ESPRESSO_chr12_6307_4-chr12:4536134-4536190_F:0_P:2,iORF,Salk,True,[],analysed,1,True
ENST00000586523.1-chr18:46088074-46088259_F:0_P:1,Iso,Salk,True,[],analysed,2,True
ESPRESSO_chr17_12744_8+chr17:44905691-44905988_F:2_P:1,eORF,Salk,True,[],analysed,1,False
ENST00000677116.1+chr11:36594580-36594600_F:1_P:1,uORF,Salk,True,[],analysed,1,False
ENST00000535753.6-chr19:16361773-16385159_F:2_P:35,Iso,Salk,True,[],analysed,2,True
ENST00000566157.6+chr16:56451572-56451613_F:2_P:1,uoORF,Salk,True,[],analysed,1,True
ENST00000607710.2-chr8:122780892-122780987_F:2_P:6,lncRNA,Salk,True,[],analysed,1,True
ENST00000532677.5+chr11:66480285-66480410_F:0_P:3,uORF,Salk,True,[],analysed,1,True
ENST00000260956.9+chr2:169805539-169805688_F:2_P:7,uaoORF,Salk,True,[],analysed,1,True
ESPRESSO_chr8_28353_0-chr8:16035448-16035516_F:1_P:17,eORF,Salk,True,[],analysed,1,True
ENST00000308025.8-chr12:48830524-48831143_F:0_P:59,daoORF,Salk,True,[],analysed,1,True
ENST00000569997.1+chr16:85803137-85803226_F:2_P:2,iORF,Salk,True,[],analysed,1,False
ENST00000442111.6+chr12:128853494-128875961_F:2_P:0,uoORF,Salk,True,[],analysed,2,True
ENST00000607373.6-chr15:59660911-59660952_F:1_P:113,dORF,Salk,True,[],analysed,1,True
ESPRESSO_chr6_26270_50-chr6:152176490-152180160_F:2_P:75,iORF,Salk,True,[],analysed,1,True
ENST00000506915.1+chr4:189473587-189473766_F:1_P:16,psORF,Salk,True,[],analysed,2,True
ESPRESSO_chr2_17633_19-chr2:229880122-229921986_F:0_P:0,uORF,Salk,True,[],analysed,1,True
ESPRESSO_chr12_6936_59+chr12:56153947-56154087_F:2_P:1,iORF,Salk,True,[],analysed,1,True
ENST00000593586.1-chr19:40217867-40218070_F:1_P:1,iORF,Salk,True,[],analysed,1,True
ENST00000452135.7-chr5:180291913-180292083_F:0_P:0,uORF,Salk,True,[],analysed,1,False
ENST00000702794.1+chr2:95526858-95527220_F:0_P:1,psORF,Salk,True,[],analysed,1,True
ENST00000261636.13-chr12:101407735-101407770_F:0_P:0,uORF,Salk,True,[],analysed,1,True
ENST00000611036.1+chr14:76500532-76500816_F:1_P:5,daoORF,Salk,True,[],analysed,1,True
ENST00000402615.6-chr14:104794397-104794507_F:1_P:1,uORF,Salk,True,[],analysed,1,True
ENST00000547815.5-chr12:109953204-109959890_F:1_P:32,iORF,Salk,True,[],analysed,1,False
ENST00000355264.9-chr10:74123452-74123520_F:2_P:33,dORF,Salk,True,[],analysed,1,True
ENST00000425368.7+chr6:31947415-31947823_F:1_P:7,daoORF,Salk,True,[],analysed,1,True
ENST00000542074.1+chr11:61446341-61446571_F:0_P:14,dORF,Salk,True,[],analysed,1,True
ENST00000623173.1+chr3:45749818-45749868_F:1_P:6,eORF,Salk,True,[],analysed,1,False
ENST00000477157.5-chr22:17141593-17141727_F:0_P:25,iORF,Salk,True,[],analysed,1,False
ENST00000639106.1-chr6:145627426-145627494_F:0_P:74,daoORF,Salk,True,[],analysed,1,False
ENST00000606054.2-chr5:108727875-108728039_F:2_P:2,lncRNA,Salk,True,[],analysed,2,True
ENST00000377107.7+chrX:47245407-47247154_F:1_P:27,iORF,Salk,True,[],analysed,1,True
ENST00000370205.6-chr1:94982948-94982986_F:1_P:16,dORF,Salk,True,[],analysed,1,True
ENST00000316804.10-chr17:75393651-75405595_F:1_P:1,uORF,Salk,True,[],analysed,1,True
ENST00000651974.1-chr17:45051436-45051585_F:0_P:3,uORF,Salk,True,[],analysed,1,True
ESPRESSO_chr18_13523_18+chr18:23949902-23950056_F:0_P:23,iORF,Salk,True,[],analysed,1,True
ENST00000332687.11-chrX:74614437-74614541_F:2_P:1,uORF,Salk,True,[],analysed,1,True
ENST00000360905.9+chr12:1493019-1493096_F:1_P:114,dORF,Salk,True,[],analysed,1,True
ENST00000437398.5+chr22:24365495-24411592_F:0_P:85,doORF,Salk,True,[],analysed,1,True
ENST00000604818.2+chr2:213152163-213152363_F:0_P:2,lncRNA,Salk,True,[],analysed,1,True
ENST00000355460.6+chr3:152465102-152465191_F:0_P:98,dORF,Salk,True,[],analysed,1,True
ENST00000672188.1-chr18:26856314-26856394_F:0_P:9,iORF,Salk,True,[],analysed,1,True
ENST00000624834.1+chr17:56473319-56473378_F:2_P:37,eORF,Salk,True,[],analysed,1,True
ENST00000523555.6-chr8:100722180-100722467_F:2_P:3,uORF,Salk,True,[],analysed,1,True
ENST00000331222.6+chr8:1782942-1783046_F:1_P:59,daORF,Salk,True,[],analysed,1,False
ENST00000349841.10+chr3:169784682-169786430_F:0_P:27,daoORF,Salk,True,[],analysed,1,True
ESPRESSO_chr19_14107_9-chr19:5587202-5587942_F:0_P:3,daoORF,Salk,True,[],analysed,1,True
ENST00000496504.3+chr9:127663326-127663403_F:2_P:3,daoORF,Salk,True,[],analysed,1,True
ENST00000291634.11+chr21:44940030-44943793_F:0_P:0,uoORF,Salk,True,[],analysed,1,True
ENST00000488606.5-chr1:36456344-36457947_F:0_P:29,iORF,Salk,True,[],analysed,1,False
ESPRESSO_chr2_17714_9+chr2:235042550-235042972_F:2_P:24,iORF,Salk,True,[],analysed,1,True
ENST00000538173.2+chr12:10508020-10508043_F:1_P:53,daORF,Salk,True,[],analysed,2,True
ENST00000467648.6+chr2:63841052-63841192_F:2_P:2,uORF,Salk,True,[],analysed,1,True
ENST00000623179.1-chr19:45715203-45715253_F:2_P:33,uORF,Salk,True,[],analysed,1,True
ENST00000246912.8+chr17:42572097-42572273_F:0_P:12,dORF,Salk,True,[],analysed,1,True
ENST00000695500.1+chr9:131197235-131197288_F:2_P:10,daoORF,Salk,True,[],analysed,1,False
ENST00000541887.5-chr12:121346991-121347840_F:1_P:1,uaoORF,Salk,True,[],analysed,1,False
ESPRESSO_chr9_30459_2-chr9:113387153-113387272_F:0_P:35,dORF,Salk,True,[],analysed,1,True
ESPRESSO_chr12_6273_0-chr12:43409-43486_F:1_P:3,eORF,Salk,True,[],analysed,1,False
ENST00000588830.1+chr17:42998830-43002917_F:0_P:2,Iso,Salk,True,[],analysed,1,True
ESPRESSO_chr17_13173_22+chr17:78086873-78087034_F:0_P:32,iORF,Salk,True,[],analysed,1,False
ENST00000205061.9-chr16:74468948-74468983_F:0_P:47,daoORF,Salk,True,[],analysed,1,False
ENST00000580755.1+chr17:28723488-28723547_F:0_P:3,iORF,Salk,True,[],analysed,1,False
ENST00000299238.7+chr10:102065350-102065475_F:1_P:0,uoORF,Salk,True,[],analysed,1,False
ENST00000560255.2+chr15:79924571-79924675_F:2_P:17,lncRNA,Salk,True,[],analysed,1,True
ENST00000393800.7+chr11:68519543-68537678_F:0_P:2,uoORF,Salk,True,[],analysed,1,True
ESPRESSO_chr11_5380_0-chr11:64606177-64607297_F:2_P:0,Iso,Salk,True,[],analysed,1,False
ENST00000329565.6+chr16:11668456-11675991_F:1_P:0,uORF,Salk,True,[],analysed,1,True
ENST00000553503.5-chr14:21024040-21024956_F:2_P:2,uaORF,Salk,True,[],analysed,1,True
ESPRESSO_chr7_27916_8+chr7:142870362-142870901_F:2_P:9,Iso,Salk,True,[],analysed,1,True
ENST00000676883.1+chr22:41528486-41528530_F:2_P:24,daoORF,Salk,True,[],analysed,1,False
ENST00000453527.7-chr8:11845026-11845124_F:2_P:2,daORF,Salk,True,[],analysed,1,False
ENST00000336755.10+chr9:37357745-37357897_F:0_P:72,dORF,Salk,True,[],analysed,1,True
ENST00000434724.7-chr16:11869210-11869341_F:2_P:87,dORF,Salk,True,[],analysed,2,True
ENST00000284440.9+chr4:41256928-41260648_F:1_P:0,uoORF,Salk,True,[],analysed,4,True
ENST00000370693.5+chr6:57189411-57189455_F:0_P:121,dORF,Salk,True,[],analysed,1,True
ENST00000623543.1-chr22:18119583-18119693_F:2_P:153,lncRNA,Salk,True,[],analysed,1,True
ENST00000482384.1+chr1:109214784-109214840_F:2_P:7,iORF,Salk,True,[],analysed,1,False
ENST00000393693.7-chr5:176626513-176630532_F:0_P:0,uoORF,Salk,True,[],analysed,1,True
ESPRESSO_chr6_25438_31+chr6:43018715-43018884_F:2_P:14,iORF,Salk,True,[],analysed,1,False
ENST00000636405.1+chr13:76992714-76992914_F:0_P:5,uaORF,Salk,True,[],analysed,1,True
ENST00000518547.6-chr8:124728340-124728471_F:0_P:0,uORF,Salk,True,[],analysed,1,True
ESPRESSO_chr20_17839_5+chr20:2144362-2144535_F:2_P:8,dORF,Salk,True,[],analysed,1,True
ENST00000396914.4-chr3:14116504-14124870_F:0_P:0,uoORF,Salk,True,[],analysed,1,True
ENST00000372441.2-chr6:43510205-43510345_F:1_P:0,uORF,Salk,True,[],analysed,1,False
ESPRESSO_chr17_13214_31+chr17:80386741-80388649_F:2_P:37,iORF,Salk,True,[],analysed,1,True
ENST00000453203.2-chr6:32119023-32119830_F:2_P:15,iORF,Salk,True,[],analysed,2,True
ENST00000380051.7-chr6:5002203-5004037_F:1_P:0,uoORF,Salk,True,[],analysed,1,True
ENST00000376292.8-chr11:75428612-75429976_F:1_P:2,uaoORF,Salk,True,[],analysed,1,False
ENST00000583509.7-chr1:147648388-147654236_F:2_P:12,daoORF,Salk,True,[],analysed,1,True
ENST00000624468.1+chr15:53912616-53912777_F:0_P:25,eORF,Salk,True,[],analysed,1,True
ESPRESSO_chr15_10531_14+chr15:88504120-88504224_F:1_P:1,eORF,Salk,True,[],analysed,1,False
ENST00000621230.1+chr16:2777394-2777564_F:0_P:1,lncRNA,Salk,True,[],analysed,1,True
ENST00000687092.1+chr3:72739072-72739161_F:1_P:3,lncRNA,Salk,True,[],analysed,1,False
ESPRESSO_chr20_18444_22-chr20:48653494-48656534_F:2_P:1,iORF,Salk,True,[],analysed,1,True
ESPRESSO_chr11_5362_3+chr11:64241538-64242388_F:0_P:0,N-Iso,Salk,True,[],analysed,1,False
ENST00000295030.6+chr2:61017722-61031441_F:2_P:0,uoORF,Salk,True,[],analysed,1,False
ENST00000342203.8-chr1:84643908-84643952_F:2_P:88,dORF,Salk,True,[],analysed,1,True
ENST00000360338.4+chr19:57280551-57290699_F:0_P:2,N-Iso,Salk,True,[],analysed,1,True
ESPRESSO_chr1_2016_4+chr1:159053715-159054861_F:2_P:56,iORF,Salk,True,[],analysed,1,False
ENST00000380680.5-chr13:29850496-29850615_F:0_P:0,uORF,Salk,True,[],analysed,1,True
ENST00000011691.6+chr3:42596424-42596459_F:0_P:53,dORF,Salk,True,[],analysed,1,True
ENST00000624417.1-chr17:81395746-81395832_F:0_P:6,eORF,Salk,True,[],analysed,1,True
ENST00000623625.1-chr3:112525799-112525876_F:1_P:37,eORF,Salk,True,[],analysed,1,False
ENST00000591226.2+chr19:16100109-16100171_F:0_P:10,iORF,Salk,True,[],analysed,1,True
ENST00000426077.3-chr2:120220845-120220931_F:2_P:41,dORF,Salk,True,[],analysed,2,True
ENST00000568871.1-chr15:52582100-52582135_F:2_P:16,dORF,Salk,True,[],analysed,1,False
ENST00000681956.1+chr22:21688074-21694615_F:2_P:16,daoORF,Salk,True,[],analysed,1,True
ENST00000322344.8-chr19:49861501-49861829_F:2_P:15,daoORF,Salk,True,[],analysed,1,True
ENST00000356033.8-chr17:75136105-75147586_F:0_P:9,Iso,Salk,True,[],analysed,1,True
ENST00000226225.7+chr17:28340424-28342252_F:1_P:3,iORF,Salk,True,[],analysed,1,True
ENST00000433005.1-chr7:17286275-17286361_F:1_P:4,lncRNA,Salk,True,[],analysed,1,False
ENST00000601508.2-chr2:219498644-219498706_F:1_P:0,lncRNA,Salk,True,[],analysed,1,True
ESPRESSO_chr1_1698_40-chr1:149259715-149259741_F:2_P:14,eORF,Salk,True,[],analysed,1,False
ENST00000603791.1+chr6:3751200-3751376_F:0_P:1,lncRNA,Salk,True,[],analysed,1,False
ESPRESSO_chr8_29309_0-chr8:131155901-131155960_F:2_P:11,eORF,Salk,True,[],analysed,1,False
ENST00000366956.10-chr1:214353709-214353762_F:0_P:131,dORF,Salk,True,[],analysed,1,False
ENST00000692244.1+chr6:3230536-3230598_F:1_P:18,lncRNA,Salk,True,[],analysed,1,False
ENST00000398733.8+chr5:139628198-139628344_F:2_P:45,dORF,Salk,True,[],analysed,1,False
ESPRESSO_chr9_30609_35-chr9:128835648-128836848_F:1_P:8,iORF,Salk,True,[],analysed,1,False
ENST00000512507.5-chr5:135360009-135360083_F:2_P:58,iORF,Salk,True,[],analysed,1,True
ENST00000579991.3+chr17:58094228-58094299_F:1_P:86,dORF,Salk,True,[],analysed,1,True
ENST00000379651.7-chrX:20025056-20025940_F:2_P:10,iORF,Salk,True,[],analysed,3,True
ENST00000523156.1+chr8:137697798-137697914_F:0_P:10,psORF,Salk,True,[],analysed,1,True
ENST00000283131.4+chr4:143513717-143517362_F:2_P:1,uoORF,Salk,True,[],analysed,1,True
ENST00000257770.8+chr6:85450085-85467073_F:2_P:0,uoORF,Salk,True,[],analysed,5,True
ENST00000305264.8-chr5:141621284-141621388_F:0_P:14,dORF,Salk,True,[],analysed,1,True
ENST00000491569.5+chrX:154435448-154435845_F:1_P:10,daoORF,Salk,True,[],analysed,1,True
ENST00000644809.1-chr2:55292618-55292662_F:1_P:2,iORF,Salk,True,[],analysed,1,False
ENST00000320636.5+chr14:64467174-64467197_F:0_P:2,uORF,Salk,True,[],analysed,1,False
ENST00000360351.8+chr2:209731558-209731719_F:1_P:217,dORF,Salk,True,[],analysed,1,True
ESPRESSO_chr15_10302_29-chr15:68787919-68817470_F:2_P:5,iORF,Salk,True,[],analysed,1,False
ENST00000449926.5-chr15:43873908-43874209_F:2_P:21,daoORF,Salk,True,[],analysed,1,True
ENST00000581020.1+chr17:21128162-21128257_F:2_P:18,iORF,Salk,True,[],analysed,1,True
ENST00000254584.6-chr11:6475680-6475817_F:2_P:33,dORF,Salk,True,[],analysed,1,True
ENST00000317257.12+chr13:49492840-49492899_F:2_P:27,dORF,Salk,True,[],analysed,1,True
ENST00000356769.7-chr12:56726611-56726709_F:0_P:6,uORF,Salk,True,[],analysed,1,True
ESPRESSO_chr16_11470_25+chr16:56589529-56590946_F:1_P:0,Iso,Salk,True,[],analysed,3,True
ENST00000455202.6-chr2:241088567-241088701_F:2_P:14,dORF,Salk,True,[],analysed,1,True
ENST00000443489.5+chr3:184363363-184363422_F:1_P:0,uORF,Salk,True,[],analysed,1,True
ENST00000344337.11-chr3:122424336-122424392_F:1_P:54,dORF,Salk,True,[],analysed,1,False
ENST00000295666.6-chr4:57110090-57110383_F:1_P:0,uoORF,Salk,True,[],analysed,2,True
ENST00000434581.7-chr8:55763001-55773378_F:0_P:0,uORF,Salk,True,[],analysed,1,True
ENST00000531871.3-chr11:6721038-6721100_F:2_P:6,psORF,Salk,True,[],analysed,1,True
ENST00000394853.8-chr4:101347214-101347327_F:1_P:0,uORF,Salk,True,[],analysed,1,True
ENST00000393815.6+chr4:157364577-157364624_F:0_P:98,dORF,Salk,True,[],analysed,1,True
ENST00000309235.6+chr9:111555147-111555224_F:1_P:233,daORF,Salk,True,[],analysed,1,False
ENST00000301178.9+chr19:41260705-41260740_F:1_P:44,dORF,Salk,True,[],analysed,1,True
ENST00000339647.6-chr12:124913743-124914596_F:2_P:1,uoORF,Salk,True,[],analysed,1,False
ENST00000662963.1+chr22:42071207-42071290_F:2_P:5,lncRNA,Salk,True,[],analysed,1,False
ENST00000478204.5+chr1:33083709-33083729_F:0_P:9,iORF,Salk,True,[],analysed,1,False
ENST00000636830.1-chr3:184348376-184348399_F:1_P:18,iORF,Salk,True,[],analysed,1,False
ENST00000368453.8-chr1:154962829-154962879_F:2_P:34,dORF,Salk,True,[],analysed,1,True
ENST00000358932.9-chr14:20311564-20311596_F:1_P:19,iORF,Salk,True,[],analysed,1,True
ENST00000357260.6-chr1:111727516-111727731_F:2_P:6,iORF,Salk,True,[],analysed,1,True
ENST00000450068.1-chr10:9723784-9723897_F:0_P:12,psORF,Salk,True,[],analysed,1,True
ENST00000332700.6-chr12:45014692-45014850_F:1_P:51,dORF,Salk,True,[],analysed,2,True
ENST00000647317.2+chr10:50757821-50757874_F:2_P:80,dORF,Salk,True,[],analysed,1,False
ENST00000623075.1+chr22:45677602-45677685_F:1_P:334,lncRNA,Salk,True,[],analysed,1,False
ENST00000474176.2+chr20:63886883-63887212_F:2_P:0,lncRNA,Salk,True,[],analysed,1,True
ENST00000446273.1+chr22:40301214-40301276_F:2_P:24,iORF,Salk,True,[],analysed,1,True
ENST00000419091.7+chr1:211315247-211315324_F:1_P:91,dORF,Salk,True,[],analysed,1,True
ENST00000380241.7-chrX:16702824-16702898_F:2_P:1,iORF,Salk,True,[],analysed,1,True
ENST00000376363.5-chr10:25016014-25016154_F:0_P:0,uaORF,Salk,True,[],analysed,1,True
ENST00000626826.1+chr12:102198298-102198411_F:1_P:18,lncRNA,Salk,True,[],analysed,1,True
ENST00000273258.4+chr3:69084990-69085040_F:0_P:1,uORF,Salk,True,[],analysed,2,False
ENST00000435070.7+chr12:69271653-69271682_F:0_P:95,dORF,Salk,True,[],analysed,1,False
ENST00000427641.2-chr3:196935648-196935695_F:2_P:26,dORF,Salk,True,[],analysed,2,True
ENST00000351559.10+chr17:46027291-46027329_F:1_P:62,dORF,Salk,True,[],analysed,1,False
ENST00000200652.4+chr5:132294395-132294493_F:2_P:0,uORF,Salk,True,[],analysed,1,True
ENST00000682353.1-chr2:43887928-43887954_F:0_P:83,dORF,Salk,True,[],analysed,1,False
ENST00000477973.5-chr3:72373467-72373508_F:0_P:88,dORF,Salk,True,[],analysed,1,True
ENST00000625457.1+chr9:128250803-128250874_F:2_P:0,iORF,Salk,True,[],analysed,1,True
ENST00000287169.8+chr11:57672519-57672698_F:1_P:10,uORF,Salk,True,[],analysed,1,True
ENST00000336273.8+chr8:97644661-97644822_F:1_P:3,iORF,Salk,True,[],analysed,1,True
ESPRESSO_chr2_17203_1+chr2:175236950-175237084_F:2_P:7,eORF,Salk,True,[],analysed,1,True
ENST00000623843.1-chr14:23006519-23006548_F:1_P:7,eORF,Salk,True,[],analysed,1,False
ENST00000272748.9-chr2:175926803-175926826_F:0_P:106,dORF,Salk,True,[],analysed,1,False
ENST00000256578.8+chr1:109625739-109626213_F:2_P:8,uaoORF,Salk,True,[],analysed,1,False
ENST00000616577.4-chr13:45333544-45333576_F:0_P:84,dORF,Salk,True,[],analysed,1,False
ENST00000361745.10+chr1:44213455-44213499_F:1_P:0,uORF,Salk,True,[],analysed,1,False
ENST00000521268.6+chr8:84183274-84183540_F:1_P:0,uORF,Salk,True,[],analysed,1,True
ENST00000225655.6-chr17:4948405-4948530_F:0_P:0,uaoORF,Salk,True,[],analysed,1,True
ENST00000321105.10-chr17:18290861-18291019_F:1_P:26,daoORF,Salk,True,[],analysed,1,True
ENST00000332687.11-chrX:74590458-74590544_F:2_P:59,dORF,Salk,True,[],analysed,1,True
ENST00000435070.7+chr12:69270245-69270280_F:2_P:40,dORF,Salk,True,[],analysed,1,False
ENST00000676185.1-chr5:60871841-60871897_F:0_P:89,dORF,Salk,True,[],analysed,1,False
ENST00000508623.5-chr4:17487134-17487235_F:2_P:11,Iso,Salk,True,[],analysed,1,False
ENST00000222573.5+chr7:20413162-20413188_F:2_P:136,dORF,Salk,True,[],analysed,1,False
ENST00000471389.6+chr16:54120677-54120877_F:1_P:149,daORF,Salk,True,[],analysed,1,True
ENST00000322348.5-chr5:75029751-75029804_F:2_P:17,iORF,Salk,True,[],analysed,1,False
ESPRESSO_chr8_28348_11-chr8:15140650-15140688_F:2_P:115,eORF,Salk,True,[],analysed,1,False
ENST00000374893.11-chr1:21221827-21225311_F:1_P:28,iORF,Salk,True,[],analysed,1,True
ENST00000392977.8+chr12:101079259-101083726_F:2_P:20,iORF,Salk,True,[],analysed,1,True
ESPRESSO_chr14_9115_41+chr14:64214277-64215298_F:0_P:25,daoORF,Salk,True,[],analysed,2,True
ENST00000296484.7-chr3:52151075-52154421_F:0_P:0,uoORF,Salk,True,[],analysed,1,True
ESPRESSO_chr5_23121_15+chr5:1801452-1815913_F:0_P:2,Iso,Salk,True,[],analysed,1,False
ENST00000013070.11+chr14:93219324-93219359_F:2_P:12,daoORF,Salk,True,[],analysed,1,False
ENST00000322444.7+chr17:75065184-75065252_F:1_P:24,dORF,Salk,True,[],analysed,1,False
ENST00000331830.7+chr1:205043214-205053140_F:0_P:0,uORF,Salk,True,[],analysed,1,True
ENST00000414615.6-chr19:43796465-43796638_F:1_P:23,dORF,Salk,True,[],analysed,2,True
ENST00000511933.1-chr17:49405070-49406854_F:1_P:6,Iso,Salk,True,[],analysed,2,True
ENST00000327141.9-chr19:3062200-3062472_F:0_P:1,uaoORF,Salk,True,[],analysed,3,True
ENST00000602319.1-chr6:30301600-30301650_F:0_P:43,lncRNA,Salk,True,[],analysed,1,True
ENST00000619750.1+chr5:141343829-141343930_F:2_P:0,uORF,Salk,True,[],analysed,1,True
ENST00000366554.3-chr1:241593263-241593346_F:0_P:37,dORF,Salk,True,[],analysed,1,False
ENST00000623691.3+chr17:82057135-82057290_F:1_P:13,dORF,Salk,True,[],analysed,1,True
ESPRESSO_chr19_15002_50-chr19:45423289-45423894_F:0_P:0,uoORF,Salk,True,[],analysed,1,True
ENST00000434310.1+chr2:139668694-139668780_F:1_P:4,psORF,Salk,True,[],analysed,1,False
ENST00000539368.2-chr1:145772107-145772166_F:0_P:31,iORF,Salk,True,[],analysed,1,False
ENST00000668253.3-chr12:120491020-120491112_F:1_P:16,lncRNA,Salk,True,[],analysed,1,True
ENST00000296543.10+chr4:139391245-139391301_F:1_P:118,daORF,Salk,True,[],analysed,1,False
ENST00000527274.4-chr11:66477380-66477754_F:2_P:3,lncRNA,Salk,True,[],analysed,1,True
ESPRESSO_chr8_28386_6+chr8:20220722-20220757_F:2_P:31,daORF,Salk,True,[],analysed,1,False
ENST00000558288.1+chr15:77482122-77482190_F:0_P:2,iORF,Salk,True,[],analysed,1,True
ENST00000369681.10+chr6:83961170-83961295_F:1_P:65,dORF,Salk,True,[],analysed,1,True
ENST00000392882.7-chr14:100369231-100375347_F:0_P:0,uORF,Salk,True,[],analysed,1,False
ENST00000479583.5+chr2:113469063-113469083_F:0_P:11,iORF,Salk,True,[],analysed,1,False
ENST00000526537.2+chr11:118656819-118656926_F:1_P:38,daoORF,Salk,True,[],analysed,1,True
ESPRESSO_chr1_203_2-chr1:11920191-11920310_F:0_P:11,dORF,Salk,True,[],analysed,1,True
ENST00000464506.2+chrX:13709465-13709554_F:0_P:23,dORF,Salk,True,[],analysed,1,False
ENST00000374639.7+chr1:22643635-22643715_F:1_P:0,iORF,Salk,True,[],analysed,1,False
ENST00000532619.1-chr11:118433470-118433658_F:0_P:26,lncRNA,Salk,True,[],analysed,1,True
ENST00000664676.2-chr4:6986730-6987041_F:2_P:1,lncRNA,Salk,True,[],analysed,2,True
ENST00000223324.3+chr7:42937739-42937804_F:2_P:6,dORF,Salk,True,[],analysed,1,True
ENST00000420115.6+chr3:133574457-133575046_F:0_P:0,uaoORF,Salk,True,[],analysed,2,True
ENST00000360864.9+chr20:63929491-63931629_F:1_P:2,daoORF,Salk,True,[],analysed,1,True
ENST00000693748.1-chr3:14946306-14946494_F:2_P:20,lncRNA,Salk,True,[],analysed,1,True
ENST00000378454.8-chr6:24301785-24301820_F:2_P:17,iORF,Salk,True,[],analysed,1,False
ENST00000215742.9-chr22:21000067-21000123_F:1_P:9,iORF,Salk,True,[],analysed,1,False
ENST00000636830.1-chr3:184347899-184347994_F:1_P:25,iORF,Salk,True,[],analysed,1,False
ESPRESSO_chr3_20666_2+chr3:100748505-100748528_F:0_P:0,daoORF,Salk,True,[],analysed,1,False
ENST00000570858.5-chr17:1647835-1648400_F:2_P:4,iORF,Salk,True,[],analysed,1,True
ESPRESSO_chr12_7515_24-chr12:119721364-119728532_F:2_P:8,daoORF,Salk,True,[],analysed,1,True
ENST00000658759.1+chr1:111746366-111746467_F:1_P:6,lncRNA,Salk,True,[],analysed,1,False
ENST00000371142.9-chr10:96518738-96518776_F:2_P:81,dORF,Salk,True,[],analysed,1,True
ESPRESSO_chr1_41_0+chr1:1291611-1291865_F:1_P:1,dORF,Salk,True,[],analysed,1,True
ENST00000344683.10+chr8:6643680-6643739_F:0_P:11,dORF,Salk,True,[],analysed,1,True
ENST00000326291.11+chr13:72835285-72835320_F:2_P:47,uaoORF,Salk,True,[],analysed,1,False
ENST00000263997.11-chr16:68300213-68300245_F:2_P:20,dORF,Salk,True,[],analysed,1,True
ENST00000537582.1+chr12:131796335-131796730_F:2_P:4,iORF,Salk,True,[],analysed,2,True
ENST00000535772.6+chr17:45996403-45996630_F:1_P:14,iORF,Salk,True,[],analysed,2,True
ENST00000394409.7-chr5:146585959-146586024_F:2_P:100,dORF,Salk,True,[],analysed,1,True
ENST00000259526.4+chr8:119423610-119423663_F:0_P:5,dORF,Salk,True,[],analysed,1,False
ENST00000297135.9-chr7:107563869-107563919_F:2_P:0,uoORF,Salk,True,[],untestable_no_peptide,0,
ENST00000252979.6-chr20:25675573-25675605_F:0_P:29,iORF,Salk,True,[],analysed,1,False
ENST00000684406.1+chr3:35639527-35639943_F:1_P:0,uORF,Salk,True,[],analysed,1,True
ESPRESSO_chr4_21946_2+chr4:49265769-49265813_F:0_P:42,eORF,Salk,True,[],analysed,1,False
ENST00000391429.2+chr17:1270802-1271152_F:2_P:2,iORF,Salk,True,[],analysed,1,False
ENST00000485781.5+chr2:63588895-63588942_F:1_P:4,uORF,Salk,True,[],analysed,1,True
ENST00000541212.6+chr12:121888790-121888978_F:2_P:0,uoORF,Salk,True,[],analysed,1,True
ENST00000358056.8-chr14:54475225-54475320_F:1_P:84,dORF,Salk,True,[],analysed,1,False
ENST00000361524.8-chr18:25061945-25061980_F:0_P:102,dORF,Salk,True,[],analysed,1,False
ENST00000205214.11-chr4:56384325-56387491_F:1_P:0,uORF,Salk,True,[],analysed,1,True
ENST00000320934.8-chr11:117205987-117206031_F:2_P:32,daoORF,Salk,True,[],analysed,1,True
ENST00000377861.4-chr13:67207684-67207734_F:1_P:386,daORF,Salk,True,[],analysed,1,True
ENST00000495264.1-chr2:112255021-112255059_F:0_P:0,uORF,Salk,True,[],analysed,1,False
ENST00000368281.1-chr6:127451056-127451082_F:0_P:3,iORF,Salk,True,[],analysed,1,False
ENST00000644744.1-chr12:88497152-88506311_F:0_P:18,daoORF,Salk,True,[],analysed,1,True
ENST00000263574.9+chr11:130144486-130144509_F:0_P:73,dORF,Salk,True,[],analysed,1,False
ENST00000370689.6+chr1:84078062-84078298_F:2_P:0,uORF,Salk,True,[],analysed,1,True
ENST00000280241.12-chr11:83459178-83459288_F:2_P:55,dORF,Salk,True,[],analysed,1,True
ENST00000646748.1-chr16:89970359-89970391_F:1_P:31,lncRNA,Salk,True,[],analysed,1,False
ESPRESSO_chr20_18121_403-chr20:28515340-28517062_F:1_P:17,eORF,Salk,True,[],analysed,1,True
ENST00000533477.1+chr8:7420016-7420147_F:2_P:24,psORF,Salk,True,[],analysed,1,True
ENST00000616978.5-chrX:46603511-46603546_F:0_P:46,dORF,Salk,True,[],analysed,1,True
ENST00000402774.8+chr2:206792753-206792854_F:1_P:81,dORF,Salk,True,[],analysed,1,True
ENST00000393295.8-chr3:129127431-129127646_F:0_P:39,dORF,Salk,True,[],analysed,1,True
ENST00000569548.5-chr16:57479655-57479873_F:2_P:0,uORF,Salk,True,[],analysed,1,True
ENST00000586923.1-chr19:55229409-55229462_F:2_P:11,lncRNA,Salk,True,[],analysed,1,False
ESPRESSO_chr1_507_14-chr1:27099745-27099891_F:1_P:21,dORF,Salk,True,[],analysed,1,False
ENST00000487274.1+chrX:130411203-130411232_F:0_P:0,iORF,Salk,True,[],analysed,1,False
ENST00000572067.1+chr16:67882599-67882655_F:0_P:4,lncRNA,Salk,True,[],analysed,1,False
ENST00000220562.9+chr8:28717292-28717564_F:1_P:27,iORF,Salk,True,[],analysed,3,True
ENST00000529006.7+chr11:67252732-67252830_F:0_P:39,daoORF,Salk,True,[],analysed,1,True
ENST00000629816.3-chr8:6499739-6500005_F:0_P:90,dORF,Salk,True,[],analysed,1,True
ENST00000609632.2+chr22:20320328-20320690_F:2_P:1,lncRNA,Salk,True,[],analysed,1,True
ENST00000651655.1+chr11:7996773-7996817_F:0_P:18,dORF,Salk,True,[],untestable_no_peptide,0,
ENST00000610262.2+chr2:86195156-86195365_F:2_P:0,lncRNA,Salk,True,[],analysed,1,True
ENST00000683666.2-chr1:150998090-150998155_F:0_P:19,iORF,Salk,True,[],analysed,1,True
ENST00000602436.1+chr3:9959371-9959433_F:1_P:6,lncRNA,Salk,True,[],analysed,1,True
ESPRESSO_chr16_11470_29+chr16:56590686-56590946_F:2_P:3,Iso,Salk,True,[],analysed,1,True
ENST00000261658.7+chr16:14668262-14668420_F:0_P:28,daORF,Salk,True,[],analysed,1,True
ENST00000313683.15-chr19:46467944-46468087_F:1_P:30,dORF,Salk,True,[],analysed,1,True
ENST00000686603.1-chr15:52308318-52308383_F:0_P:140,dORF,Salk,True,[],analysed,1,True
ENST00000501748.3+chr8:143652951-143652986_F:0_P:26,dORF,Salk,True,[],analysed,1,False
ENST00000378494.8+chr2:44361949-44362098_F:1_P:0,uoORF,Salk,True,[],analysed,1,False
ESPRESSO_chr18_13835_0+chr18:71179168-71179218_F:1_P:34,lncRNA,Salk,True,[],analysed,1,False
ESPRESSO_chr19_14365_11-chr19:15122780-15122974_F:0_P:6,uaoORF,Salk,True,[],analysed,1,True
ENST00000346299.10-chr11:95844955-95844975_F:0_P:24,daoORF,Salk,True,[],analysed,1,False
ESPRESSO_chr4_22386_22-chr4:99948465-99948940_F:2_P:11,Iso,Salk,True,[],analysed,1,False
ENST00000432900.7+chr10:38054516-38054563_F:1_P:10,iORF,Salk,True,[],analysed,1,False
ENST00000468844.1-chrX:119790263-119790349_F:1_P:21,iORF,Salk,True,[],analysed,1,False
ENST00000576871.2-chr17:57078672-57085040_F:2_P:0,lncRNA,Salk,True,[],analysed,2,True
ENST00000484663.5-chr16:30122645-30122878_F:1_P:2,uaORF,Salk,True,[],analysed,1,False
ENST00000373610.8+chr1:32195020-32195253_F:1_P:23,daoORF,Salk,True,[],analysed,1,True
ENST00000623707.1-chr2:113606496-113606651_F:2_P:27,eORF,Salk,True,[],analysed,2,True
ESPRESSO_chr16_11695_13+chr16:75648464-75648544_F:2_P:1,iORF,Salk,True,[],analysed,1,True
ENST00000690183.2+chr11:64689049-64689078_F:1_P:16,lncRNA,Salk,True,[],analysed,1,False
ENST00000220876.12+chr8:79666011-79666088_F:0_P:28,dORF,Salk,True,[],untestable_no_peptide,0,
ENST00000402050.7+chr7:2612911-2613042_F:2_P:33,dORF,Salk,True,[],analysed,1,True
ENST00000404072.7+chr22:38074351-38075122_F:2_P:12,iORF,Salk,True,[],analysed,1,True
ENST00000624094.1+chr11:117207996-117208325_F:0_P:38,eORF,Salk,True,[],analysed,1,True
ENST00000393815.6+chr4:157364369-157364437_F:2_P:74,dORF,Salk,True,[],analysed,1,True
ENST00000618898.1+chr12:120710723-120711058_F:2_P:2,iORF,Salk,True,[],analysed,1,True
ENST00000255688.8+chr11:63544625-63544747_F:0_P:4,iORF,Salk,True,[],analysed,1,True
ENST00000692609.2-chr16:58515178-58515372_F:0_P:1,lncRNA,Salk,True,[],analysed,1,True
ENST00000453465.1-chr10:21625822-21626100_F:0_P:1,psORF,Salk,True,[],analysed,2,True
ENST00000587962.6-chr19:2233843-2234203_F:1_P:3,Iso,Salk,True,[],analysed,1,True
ENST00000470944.1+chr21:31660351-31660572_F:1_P:2,iORF,Salk,True,[],analysed,2,True
ENST00000399577.9+chr16:4686769-4686981_F:0_P:19,daORF,Salk,True,[],analysed,1,True
ESPRESSO_chr16_11125_14-chr16:30094790-30095365_F:1_P:0,Iso,Salk,True,[],analysed,1,True
ENST00000260926.9-chr2:199271024-199271068_F:0_P:63,dORF,Salk,True,[],analysed,1,False
ENST00000521072.7-chr6:109440460-109440552_F:0_P:1,iORF,Salk,True,[],analysed,1,True
ENST00000587533.1-chr19:14096957-14097247_F:1_P:18,daORF,Salk,True,[],analysed,1,True
ESPRESSO_chr8_29069_36+chr8:94865678-94867152_F:2_P:24,daoORF,Salk,True,[],analysed,1,False
ENST00000545135.5-chr12:123944040-123944252_F:2_P:33,uaORF,Salk,True,[],analysed,1,True
ENST00000299633.7-chr15:83132483-83132512_F:1_P:130,daORF,Salk,True,[],analysed,1,False
ENST00000349752.10-chr2:31138147-31138440_F:0_P:0,uORF,Salk,True,[],analysed,1,True
ESPRESSO_chr10_4400_6-chr10:133369969-133369998_F:1_P:6,iORF,Salk,True,[],analysed,1,True
ENST00000689460.1+chr11:118401540-118401617_F:0_P:2,uORF,Salk,True,[],analysed,1,True
ENST00000265981.7-chr11:10512249-10512293_F:1_P:50,dORF,Salk,True,[],analysed,1,False
ENST00000264318.4-chr4:46925132-46925212_F:2_P:97,dORF,Salk,True,[],analysed,1,True
ENST00000238721.9-chr2:24084454-24084726_F:0_P:1,uORF,Salk,True,[],analysed,1,True
ENST00000264126.9+chr1:108933933-108933992_F:0_P:147,dORF,Salk,True,[],analysed,1,True
ENST00000452711.1-chr7:126870149-126870277_F:1_P:2,psORF,Salk,True,[],analysed,1,True
ENST00000251038.10+chr14:88616391-88616444_F:0_P:142,dORF,Salk,True,[],analysed,1,False
ENST00000626826.1+chr12:102330371-102330607_F:2_P:2582,lncRNA,Salk,True,[],analysed,2,False
ENST00000321453.12-chr7:32071210-32071410_F:0_P:1,uaORF,Salk,True,[],analysed,1,True
ENST00000442241.9-chr17:35128987-35129265_F:2_P:35,dORF,Salk,True,[],analysed,1,True
ESPRESSO_chr11_5395_2+chr11:65040937-65044243_F:1_P:0,uoORF,Salk,True,[],analysed,1,True
ENST00000341411.5+chr11:75203521-75203583_F:1_P:3,iORF,Salk,True,[],analysed,1,False
ENST00000352151.9-chr12:49653810-49654225_F:1_P:18,iORF,Salk,True,[],analysed,1,False
ENST00000521508.2+chr13:52024288-52024380_F:2_P:7,daoORF,Salk,True,[],analysed,1,True
ENST00000324868.13-chr12:32755195-32755392_F:0_P:4,iORF,Salk,True,[],analysed,1,True
ENST00000599699.2+chr19:18434247-18434561_F:0_P:3,daoORF,Salk,True,[],analysed,1,True
ENST00000380379.10+chr6:3129086-3129172_F:0_P:6,daoORF,Salk,True,[],analysed,1,True
ENST00000479425.5-chr3:197522738-197522767_F:1_P:6,daoORF,Salk,True,[],analysed,1,False
ENST00000374765.9-chr1:21597983-21598416_F:1_P:24,daoORF,Salk,True,[],analysed,1,True
ENST00000638502.1-chr6:145789334-145789411_F:1_P:44,eORF,Salk,True,[],analysed,1,False
ENST00000394466.6-chr5:143314079-143399667_F:1_P:23,iORF,Salk,True,[],analysed,1,True
ENST00000567327.1-chr2:181890285-181890344_F:2_P:28,lncRNA,Salk,True,[],analysed,1,False
ENST00000262494.13+chr16:56347149-56347427_F:1_P:22,daORF,Salk,True,[],analysed,2,True
ENST00000338965.9+chr11:17377069-17377221_F:2_P:87,dORF,Salk,True,[],analysed,1,True
ENST00000374212.5+chr9:113260909-113260968_F:1_P:9,dORF,Salk,True,[],analysed,1,True
ENST00000178640.10+chr15:67543413-67550056_F:0_P:3,iORF,Salk,True,[],analysed,1,True
ENST00000005257.7+chr7:39623573-39686638_F:2_P:0,uORF,Salk,True,[],analysed,1,True
ENST00000330949.3+chr13:112067675-112067821_F:2_P:3,iORF,Salk,True,[],analysed,1,True
ESPRESSO_chr1_325_21+chr1:17697131-17697418_F:2_P:9,daoORF,Salk,True,[],analysed,1,True
ENST00000579674.1+chr17:29571153-29571317_F:0_P:5,lncRNA,Salk,True,[],analysed,1,True
ENST00000684486.1-chr7:135189492-135189701_F:2_P:20,iORF,Salk,True,[],analysed,1,True
ENST00000647941.2-chr3:98579734-98579787_F:0_P:41,dORF,Salk,True,[],analysed,2,False
ENST00000623075.1+chr22:45679262-45679336_F:2_P:357,lncRNA,Salk,True,[],analysed,1,True
ESPRESSO_chr13_7829_6-chr13:21493138-21493233_F:0_P:18,dORF,Salk,True,[],analysed,1,False
ENST00000437653.1-chr3:175978377-175978568_F:2_P:0,psORF,Salk,True,[],analysed,2,True
ENST00000481134.1+chr3:142450762-142450890_F:1_P:15,psORF,Salk,True,[],analysed,1,True
ENST00000360110.9-chr3:196051140-196051277_F:2_P:65,daORF,Salk,True,[],analysed,1,True
ESPRESSO_chr12_7677_2+chr12:130206993-130207067_F:0_P:40,eORF,Salk,True,[],analysed,1,True
ENST00000564490.2-chr16:19766040-19766099_F:2_P:0,lncRNA,Salk,True,[],analysed,1,False
ENST00000617246.5+chr3:188886628-188886780_F:2_P:229,dORF,Salk,True,[],analysed,1,True
ENST00000332118.11-chr11:126263733-126263813_F:1_P:4,dORF,Salk,True,[],analysed,1,True
ENST00000647317.2+chr10:50756853-50756933_F:0_P:40,dORF,Salk,True,[],analysed,1,True
ENST00000507096.1-chr4:24808674-24820009_F:1_P:4,Iso,Salk,True,[],analysed,1,True
ENST00000376962.10-chr9:72354216-72354299_F:1_P:41,dORF,Salk,True,[],analysed,1,True
ENST00000682150.1+chr1:66740697-66741305_F:0_P:29,daoORF,Salk,True,[],analysed,1,True
ESPRESSO_chr2_17036_18+chr2:151455025-151455147_F:0_P:24,iORF,Salk,True,[],analysed,1,True
ENST00000334418.6+chr11:118998181-118998285_F:1_P:1,uoORF,Salk,True,[],analysed,1,True
ENST00000623796.1+chr10:71364728-71364835_F:2_P:7,dORF,Salk,True,[],analysed,1,True
F8VU57,,TrEMBL,False,['not_a_smorf_orf_id'],excluded_not_smorf,,
A0A096LP60,,TrEMBL,False,['not_a_smorf_orf_id'],excluded_not_smorf,,
H0YB87,,TrEMBL,False,['not_a_smorf_orf_id'],excluded_not_smorf,,
A0A0C4DH62,,Swiss-Prot,False,['not_a_smorf_orf_id'],excluded_not_smorf,,
H0YI37,,TrEMBL,False,['not_a_smorf_orf_id'],excluded_not_smorf,,
V9GYW0,,TrEMBL,False,['not_a_smorf_orf_id'],excluded_not_smorf,,
P01880-1,,Swiss-Prot,False,['not_a_smorf_orf_id'],excluded_not_smorf,,
P01876,,Swiss-Prot,False,['not_a_smorf_orf_id'],excluded_not_smorf,,
P01876-1,,Swiss-Prot,False,['not_a_smorf_orf_id'],excluded_not_smorf,,
P01877-1,,Swiss-Prot,False,['not_a_smorf_orf_id'],excluded_not_smorf,,
P01877,,Swiss-Prot,False,['not_a_smorf_orf_id'],excluded_not_smorf,,
P01859,,Swiss-Prot,False,['not_a_smorf_orf_id'],excluded_not_smorf,,
P01859-1,,Swiss-Prot,False,['not_a_smorf_orf_id'],excluded_not_smorf,,
P01861,,Swiss-Prot,False,['not_a_smorf_orf_id'],excluded_not_smorf,,
P01861-1,,Swiss-Prot,False,['not_a_smorf_orf_id'],excluded_not_smorf,,
P01860,,Swiss-Prot,False,['not_a_smorf_orf_id'],excluded_not_smorf,,
P01860-1,,Swiss-Prot,False,['not_a_smorf_orf_id'],excluded_not_smorf,,
P01857,,Swiss-Prot,False,['not_a_smorf_orf_id'],excluded_not_smorf,,
P01857-1,,Swiss-Prot,False,['not_a_smorf_orf_id'],excluded_not_smorf,,
P01854-1,,Swiss-Prot,False,['not_a_smorf_orf_id'],excluded_not_smorf,,
H7C1Y6,,TrEMBL,False,['not_a_smorf_orf_id'],excluded_not_smorf,,
A0A0U1RRC4,,TrEMBL,False,['not_a_smorf_orf_id'],excluded_not_smorf,,
A0A2R8YFI0,,TrEMBL,False,['not_a_smorf_orf_id'],excluded_not_smorf,,
A0A7I2V3B1,,TrEMBL,False,['not_a_smorf_orf_id'],excluded_not_smorf,,
Q5TBM3,,TrEMBL,False,['not_a_smorf_orf_id'],excluded_not_smorf,,
A0AAG2T928,,TrEMBL,False,['not_a_smorf_orf_id'],excluded_not_smorf,,
H0Y8M3,,TrEMBL,False,['not_a_smorf_orf_id'],excluded_not_smorf,,
A0A087X243,,TrEMBL,False,['not_a_smorf_orf_id'],excluded_not_smorf,,
H7BZQ7,,TrEMBL,False,['not_a_smorf_orf_id'],excluded_not_smorf,,
H0YHL1,,TrEMBL,False,['not_a_smorf_orf_id'],excluded_not_smorf,,
P0DPR3,,Swiss-Prot,False,['not_a_smorf_orf_id'],excluded_not_smorf,,
H0YC12,,TrEMBL,False,['not_a_smorf_orf_id'],excluded_not_smorf,,
H0YFY4,,TrEMBL,False,['not_a_smorf_orf_id'],excluded_not_smorf,,
A0AAG2SVT6,,TrEMBL,False,['not_a_smorf_orf_id'],excluded_not_smorf,,
A0AAG2SXZ4,,TrEMBL,False,['not_a_smorf_orf_id'],excluded_not_smorf,,
H3BPD9,,TrEMBL,False,['not_a_smorf_orf_id'],excluded_not_smorf,,
H0YBP4,,TrEMBL,False,['not_a_smorf_orf_id'],excluded_not_smorf,,
H0YCA6,,TrEMBL,False,['not_a_smorf_orf_id'],excluded_not_smorf,,
H7C305,,TrEMBL,False,['not_a_smorf_orf_id'],excluded_not_smorf,,
H0Y990,,TrEMBL,False,['not_a_smorf_orf_id'],excluded_not_smorf,,
H0YLF3,,TrEMBL,False,['not_a_smorf_orf_id'],excluded_not_smorf,,
A0A1W2PRI6,,TrEMBL,False,['not_a_smorf_orf_id'],excluded_not_smorf,,
H7C1J8,,TrEMBL,False,['not_a_smorf_orf_id'],excluded_not_smorf,,
H0Y7S8,,TrEMBL,False,['not_a_smorf_orf_id'],excluded_not_smorf,,
A0A7P0S5H5,,TrEMBL,False,['not_a_smorf_orf_id'],excluded_not_smorf,,
K7ESJ3,,TrEMBL,False,['not_a_smorf_orf_id'],excluded_not_smorf,,
A0A994J759,,TrEMBL,False,['not_a_smorf_orf_id'],excluded_not_smorf,,
K7EPG9,,TrEMBL,False,['not_a_smorf_orf_id'],excluded_not_smorf,,
P0DOY3,,Swiss-Prot,False,['not_a_smorf_orf_id'],excluded_not_smorf,,
P0DOY2,,Swiss-Prot,False,['not_a_smorf_orf_id'],excluded_not_smorf,,
A0M8Q6,,Swiss-Prot,False,['not_a_smorf_orf_id'],excluded_not_smorf,,
P0CG04,,Swiss-Prot,False,['not_a_smorf_orf_id'],excluded_not_smorf,,
P01871,,Swiss-Prot,False,['not_a_smorf_orf_id'],excluded_not_smorf,,
P01871-1,,Swiss-Prot,False,['not_a_smorf_orf_id'],excluded_not_smorf,,
H3BN57,,TrEMBL,False,['not_a_smorf_orf_id'],excluded_not_smorf,,
P0DPI4,,Swiss-Prot,False,['not_a_smorf_orf_id'],excluded_not_smorf,,
P0DOY5,,Swiss-Prot,False,['not_a_smorf_orf_id'],excluded_not_smorf,,
H3BRL5,,TrEMBL,False,['not_a_smorf_orf_id'],excluded_not_smorf,,
A0A075B6Y3,,Swiss-Prot,False,['not_a_smorf_orf_id'],excluded_not_smorf,,
M0R213,,TrEMBL,False,['not_a_smorf_orf_id'],excluded_not_smorf,,
H7C429,,TrEMBL,False,['not_a_smorf_orf_id'],excluded_not_smorf,,
U3KQK2,,TrEMBL,False,['not_a_smorf_orf_id'],excluded_not_smorf,,
H0YJZ4,,TrEMBL,False,['not_a_smorf_orf_id'],excluded_not_smorf,,
A0A1B0GUY8,,TrEMBL,False,['not_a_smorf_orf_id'],excluded_not_smorf,,
A0N4Z7,,TrEMBL,False,['not_a_smorf_orf_id'],excluded_not_smorf,,
A0A096LP52,,TrEMBL,False,['not_a_smorf_orf_id'],excluded_not_smorf,,
A0A7I2V3X8,,TrEMBL,False,['not_a_smorf_orf_id'],excluded_not_smorf,,
U3KQ70,,TrEMBL,False,['not_a_smorf_orf_id'],excluded_not_smorf,,
Q5JV99,,TrEMBL,False,['not_a_smorf_orf_id'],excluded_not_smorf,,
K7EPI4,,TrEMBL,False,['not_a_smorf_orf_id'],excluded_not_smorf,,
H0YE25,,TrEMBL,False,['not_a_smorf_orf_id'],excluded_not_smorf,,
V9GYT7,,TrEMBL,False,['not_a_smorf_orf_id'],excluded_not_smorf,,
A0A1W2PSE9,,TrEMBL,False,['not_a_smorf_orf_id'],excluded_not_smorf,,
C9JMZ9,,TrEMBL,False,['not_a_smorf_orf_id'],excluded_not_smorf,,
A0A0A0MTA2,,TrEMBL,False,['not_a_smorf_orf_id'],excluded_not_smorf,,
A0A0A0MT69,,TrEMBL,False,['not_a_smorf_orf_id'],excluded_not_smorf,,
A0A7I2YQU1,,TrEMBL,False,['not_a_smorf_orf_id'],excluded_not_smorf,,
H0YIA2,,TrEMBL,False,['not_a_smorf_orf_id'],excluded_not_smorf,,
F8W1A0,,TrEMBL,False,['not_a_smorf_orf_id'],excluded_not_smorf,,
A0A994J3S8,,TrEMBL,False,['not_a_smorf_orf_id'],excluded_not_smorf,,
Q9BXR3,,Swiss-Prot,False,['not_a_smorf_orf_id'],excluded_not_smorf,,
A0A075B700,,Swiss-Prot,False,['not_a_smorf_orf_id'],excluded_not_smorf,,
A0A0J9YX06,,Swiss-Prot,False,['not_a_smorf_orf_id'],excluded_not_smorf,,
A0A075B6S0,,Swiss-Prot,False,['not_a_smorf_orf_id'],excluded_not_smorf,,
H0YC31,,TrEMBL,False,['not_a_smorf_orf_id'],excluded_not_smorf,,
A0A2R8Y8A2,,TrEMBL,False,['not_a_smorf_orf_id'],excluded_not_smorf,,
A0A0J9YXU2,,TrEMBL,False,['not_a_smorf_orf_id'],excluded_not_smorf,,
H0YAS7,,TrEMBL,False,['not_a_smorf_orf_id'],excluded_not_smorf,,
M0R2S1,,TrEMBL,False,['not_a_smorf_orf_id'],excluded_not_smorf,,
H0Y9N3,,TrEMBL,False,['not_a_smorf_orf_id'],excluded_not_smorf,,
A0A7P0TA93,,TrEMBL,False,['not_a_smorf_orf_id'],excluded_not_smorf,,
A0A669KBK4,,TrEMBL,False,['not_a_smorf_orf_id'],excluded_not_smorf,,
P01834,,Swiss-Prot,False,['not_a_smorf_orf_id'],excluded_not_smorf,,
A0A0J9YWP8,,Swiss-Prot,False,['not_a_smorf_orf_id'],excluded_not_smorf,,
A0A7I2V5G0,,TrEMBL,False,['not_a_smorf_orf_id'],excluded_not_smorf,,
A0A0J9YXM7,,Swiss-Prot,False,['not_a_smorf_orf_id'],excluded_not_smorf,,
H7BZ18,,TrEMBL,False,['not_a_smorf_orf_id'],excluded_not_smorf,,
A0A0B4J200,,Swiss-Prot,False,['not_a_smorf_orf_id'],excluded_not_smorf,,
A0A0A0MTA7,,Swiss-Prot,False,['not_a_smorf_orf_id'],excluded_not_smorf,,
A0A0J9YWX3,,Swiss-Prot,False,['not_a_smorf_orf_id'],excluded_not_smorf,,
A0A075B706,,Swiss-Prot,False,['not_a_smorf_orf_id'],excluded_not_smorf,,
K7EL00,,TrEMBL,False,['not_a_smorf_orf_id'],excluded_not_smorf,,
A0A1B0GVF1,,TrEMBL,False,['not_a_smorf_orf_id'],excluded_not_smorf,,
A0A0J9YXG5,,Swiss-Prot,False,['not_a_smorf_orf_id'],excluded_not_smorf,,
H0YEB1,,TrEMBL,False,['not_a_smorf_orf_id'],excluded_not_smorf,,
H7C416,,TrEMBL,False,['not_a_smorf_orf_id'],excluded_not_smorf,,
H0Y9X3,,TrEMBL,False,['not_a_smorf_orf_id'],excluded_not_smorf,,
A0A3B3IU32,,TrEMBL,False,['not_a_smorf_orf_id'],excluded_not_smorf,,
A0A0C4DH61,,TrEMBL,False,['not_a_smorf_orf_id'],excluded_not_smorf,,
A0A494C0Y0,,TrEMBL,False,['not_a_smorf_orf_id'],excluded_not_smorf,,
V9GZ74,,TrEMBL,False,['not_a_smorf_orf_id'],excluded_not_smorf,,
K7ENY4,,TrEMBL,False,['not_a_smorf_orf_id'],excluded_not_smorf,,
A0A087WWP1,,TrEMBL,False,['not_a_smorf_orf_id'],excluded_not_smorf,,
A0A087WXN3,,TrEMBL,False,['not_a_smorf_orf_id'],excluded_not_smorf,,
A0A1W2PQ25,,TrEMBL,False,['not_a_smorf_orf_id'],excluded_not_smorf,,
A0A0U1RRM2,,TrEMBL,False,['not_a_smorf_orf_id'],excluded_not_smorf,,
H7BZ50,,TrEMBL,False,['not_a_smorf_orf_id'],excluded_not_smorf,,
A0A0A0MT89,,Swiss-Prot,False,['not_a_smorf_orf_id'],excluded_not_smorf,,
A0A494C034,,TrEMBL,False,['not_a_smorf_orf_id'],excluded_not_smorf,,
H7BZ56,,TrEMBL,False,['not_a_smorf_orf_id'],excluded_not_smorf,,
A0A0J9YXQ7,,TrEMBL,False,['not_a_smorf_orf_id'],excluded_not_smorf,,
A0A494C1U4,,TrEMBL,False,['not_a_smorf_orf_id'],excluded_not_smorf,,
K7EMJ7,,TrEMBL,False,['not_a_smorf_orf_id'],excluded_not_smorf,,
A0A590UJC9,,TrEMBL,False,['not_a_smorf_orf_id'],excluded_not_smorf,,
H0YAV8,,TrEMBL,False,['not_a_smorf_orf_id'],excluded_not_smorf,,
H3BPV0,,TrEMBL,False,['not_a_smorf_orf_id'],excluded_not_smorf,,
H7C263,,TrEMBL,False,['not_a_smorf_orf_id'],excluded_not_smorf,,
S4R3R2,,TrEMBL,False,['not_a_smorf_orf_id'],excluded_not_smorf,,
H7C516,,TrEMBL,False,['not_a_smorf_orf_id'],excluded_not_smorf,,
H0YA16,,TrEMBL,False,['not_a_smorf_orf_id'],excluded_not_smorf,,
H0YNM2,,TrEMBL,False,['not_a_smorf_orf_id'],excluded_not_smorf,,
A0A1W2PS58,,TrEMBL,False,['not_a_smorf_orf_id'],excluded_not_smorf,,
H7C490,,TrEMBL,False,['not_a_smorf_orf_id'],excluded_not_smorf,,
A0A087X0Y3,,TrEMBL,False,['not_a_smorf_orf_id'],excluded_not_smorf,,
K7ERT3,,TrEMBL,False,['not_a_smorf_orf_id'],excluded_not_smorf,,
H7C315,,TrEMBL,False,['not_a_smorf_orf_id'],excluded_not_smorf,,
K7EIT4,,TrEMBL,False,['not_a_smorf_orf_id'],excluded_not_smorf,,
H7C114,,TrEMBL,False,['not_a_smorf_orf_id'],excluded_not_smorf,,
J3QQY7,,TrEMBL,False,['not_a_smorf_orf_id'],excluded_not_smorf,,
H7C202,,TrEMBL,False,['not_a_smorf_orf_id'],excluded_not_smorf,,
A0A0M3HER3,,TrEMBL,False,['not_a_smorf_orf_id'],excluded_not_smorf,,
K7EMC0,,TrEMBL,False,['not_a_smorf_orf_id'],excluded_not_smorf,,
M0QY01,,TrEMBL,False,['not_a_smorf_orf_id'],excluded_not_smorf,,
A0A994J4B1,,TrEMBL,False,['not_a_smorf_orf_id'],excluded_not_smorf,,
J3QRE5,,TrEMBL,False,['not_a_smorf_orf_id'],excluded_not_smorf,,
M0R0Q5,,TrEMBL,False,['not_a_smorf_orf_id'],excluded_not_smorf,,
H7C146,,TrEMBL,False,['not_a_smorf_orf_id'],excluded_not_smorf,,
I3L3Y1,,TrEMBL,False,['not_a_smorf_orf_id'],excluded_not_smorf,,
U3KQQ1,,TrEMBL,False,['not_a_smorf_orf_id'],excluded_not_smorf,,
A0A8V8TQ05,,TrEMBL,False,['not_a_smorf_orf_id'],excluded_not_smorf,,
A0A075B6Y9,,Swiss-Prot,False,['not_a_smorf_orf_id'],excluded_not_smorf,,
K7EK21,,TrEMBL,False,['not_a_smorf_orf_id'],excluded_not_smorf,,
